archivo,target
0.jpg,B
1.jpg,B
2.jpg,V
3.jpg,B
4.jpg,C
5.jpg,A
6.jpg,W
7.jpg,Q
8.jpg,A
9.jpg,F
10.jpg,X
11.jpg,S
12.jpg,W
13.jpg,F
14.jpg,O
15.jpg,Z
16.jpg,D
17.jpg,I
18.jpg,B
19.jpg,E
20.jpg,D
21.jpg,nothing
22.jpg,N
23.jpg,E
24.jpg,A
25.jpg,L
26.jpg,W
27.jpg,A
28.jpg,P
29.jpg,A
30.jpg,F
31.jpg,P
32.jpg,R
33.jpg,F
34.jpg,Z
35.jpg,E
36.jpg,A
37.jpg,M
38.jpg,L
39.jpg,Y
40.jpg,space
41.jpg,L
42.jpg,Y
43.jpg,G
44.jpg,T
45.jpg,R
46.jpg,W
47.jpg,A
48.jpg,M
49.jpg,T
50.jpg,B
51.jpg,C
52.jpg,D
53.jpg,D
54.jpg,C
55.jpg,I
56.jpg,J
57.jpg,del
58.jpg,T
59.jpg,del
60.jpg,A
61.jpg,A
62.jpg,space
63.jpg,G
64.jpg,A
65.jpg,O
66.jpg,Z
67.jpg,S
68.jpg,G
69.jpg,B
70.jpg,U
71.jpg,G
72.jpg,nothing
73.jpg,E
74.jpg,D
75.jpg,E
76.jpg,G
77.jpg,A
78.jpg,S
79.jpg,P
80.jpg,W
81.jpg,G
82.jpg,M
83.jpg,D
84.jpg,L
85.jpg,I
86.jpg,G
87.jpg,V
88.jpg,T
89.jpg,A
90.jpg,S
91.jpg,G
92.jpg,P
93.jpg,Q
94.jpg,N
95.jpg,S
96.jpg,E
97.jpg,J
98.jpg,J
99.jpg,Y
100.jpg,P
101.jpg,U
102.jpg,I
103.jpg,M
104.jpg,R
105.jpg,del
106.jpg,M
107.jpg,O
108.jpg,V
109.jpg,L
110.jpg,M
111.jpg,A
112.jpg,A
113.jpg,L
114.jpg,E
115.jpg,P
116.jpg,B
117.jpg,nothing
118.jpg,I
119.jpg,K
120.jpg,B
121.jpg,R
122.jpg,K
123.jpg,J
124.jpg,F
125.jpg,B
126.jpg,G
127.jpg,U
128.jpg,A
129.jpg,D
130.jpg,del
131.jpg,A
132.jpg,X
133.jpg,F
134.jpg,S
135.jpg,B
136.jpg,L
137.jpg,A
138.jpg,L
139.jpg,B
140.jpg,O
141.jpg,L
142.jpg,G
143.jpg,del
144.jpg,X
145.jpg,G
146.jpg,K
147.jpg,C
148.jpg,B
149.jpg,L
150.jpg,G
151.jpg,M
152.jpg,N
153.jpg,Y
154.jpg,A
155.jpg,Y
156.jpg,G
157.jpg,G
158.jpg,N
159.jpg,B
160.jpg,R
161.jpg,I
162.jpg,W
163.jpg,U
164.jpg,B
165.jpg,I
166.jpg,U
167.jpg,A
168.jpg,H
169.jpg,E
170.jpg,L
171.jpg,B
172.jpg,M
173.jpg,Q
174.jpg,A
175.jpg,G
176.jpg,I
177.jpg,S
178.jpg,F
179.jpg,del
180.jpg,M
181.jpg,G
182.jpg,D
183.jpg,space
184.jpg,nothing
185.jpg,F
186.jpg,R
187.jpg,G
188.jpg,K
189.jpg,B
190.jpg,G
191.jpg,E
192.jpg,L
193.jpg,A
194.jpg,B
195.jpg,N
196.jpg,S
197.jpg,J
198.jpg,W
199.jpg,E
200.jpg,space
201.jpg,C
202.jpg,G
203.jpg,I
204.jpg,B
205.jpg,A
206.jpg,G
207.jpg,A
208.jpg,F
209.jpg,W
210.jpg,L
211.jpg,K
212.jpg,Y
213.jpg,I
214.jpg,I
215.jpg,R
216.jpg,G
217.jpg,B
218.jpg,nothing
219.jpg,A
220.jpg,space
221.jpg,T
222.jpg,B
223.jpg,N
224.jpg,A
225.jpg,K
226.jpg,F
227.jpg,V
228.jpg,B
229.jpg,B
230.jpg,A
231.jpg,B
232.jpg,M
233.jpg,R
234.jpg,Y
235.jpg,T
236.jpg,F
237.jpg,A
238.jpg,A
239.jpg,A
240.jpg,C
241.jpg,V
242.jpg,Q
243.jpg,nothing
244.jpg,G
245.jpg,G
246.jpg,A
247.jpg,U
248.jpg,E
249.jpg,J
250.jpg,Y
251.jpg,K
252.jpg,R
253.jpg,G
254.jpg,del
255.jpg,W
256.jpg,A
257.jpg,U
258.jpg,K
259.jpg,A
260.jpg,Z
261.jpg,O
262.jpg,W
263.jpg,L
264.jpg,Y
265.jpg,K
266.jpg,D
267.jpg,X
268.jpg,E
269.jpg,G
270.jpg,I
271.jpg,M
272.jpg,V
273.jpg,O
274.jpg,L
275.jpg,B
276.jpg,I
277.jpg,K
278.jpg,J
279.jpg,nothing
280.jpg,X
281.jpg,C
282.jpg,S
283.jpg,T
284.jpg,U
285.jpg,T
286.jpg,R
287.jpg,J
288.jpg,P
289.jpg,K
290.jpg,D
291.jpg,I
292.jpg,R
293.jpg,A
294.jpg,Y
295.jpg,Y
296.jpg,space
297.jpg,nothing
298.jpg,B
299.jpg,P
300.jpg,F
301.jpg,C
302.jpg,A
303.jpg,K
304.jpg,C
305.jpg,I
306.jpg,V
307.jpg,U
308.jpg,G
309.jpg,I
310.jpg,D
311.jpg,Y
312.jpg,A
313.jpg,J
314.jpg,M
315.jpg,I
316.jpg,B
317.jpg,G
318.jpg,D
319.jpg,N
320.jpg,A
321.jpg,S
322.jpg,F
323.jpg,O
324.jpg,D
325.jpg,space
326.jpg,I
327.jpg,C
328.jpg,C
329.jpg,A
330.jpg,D
331.jpg,Q
332.jpg,U
333.jpg,V
334.jpg,nothing
335.jpg,N
336.jpg,A
337.jpg,Y
338.jpg,V
339.jpg,G
340.jpg,C
341.jpg,nothing
342.jpg,N
343.jpg,Q
344.jpg,nothing
345.jpg,C
346.jpg,F
347.jpg,G
348.jpg,N
349.jpg,A
350.jpg,B
351.jpg,C
352.jpg,R
353.jpg,Q
354.jpg,I
355.jpg,G
356.jpg,I
357.jpg,D
358.jpg,space
359.jpg,space
360.jpg,O
361.jpg,R
362.jpg,V
363.jpg,A
364.jpg,Q
365.jpg,K
366.jpg,M
367.jpg,L
368.jpg,G
369.jpg,G
370.jpg,U
371.jpg,K
372.jpg,A
373.jpg,G
374.jpg,O
375.jpg,W
376.jpg,T
377.jpg,D
378.jpg,nothing
379.jpg,E
380.jpg,T
381.jpg,P
382.jpg,Z
383.jpg,Z
384.jpg,del
385.jpg,P
386.jpg,W
387.jpg,C
388.jpg,nothing
389.jpg,J
390.jpg,G
391.jpg,nothing
392.jpg,A
393.jpg,O
394.jpg,Y
395.jpg,L
396.jpg,Y
397.jpg,T
398.jpg,I
399.jpg,K
400.jpg,M
401.jpg,D
402.jpg,M
403.jpg,L
404.jpg,Q
405.jpg,B
406.jpg,L
407.jpg,C
408.jpg,del
409.jpg,A
410.jpg,Q
411.jpg,nothing
412.jpg,D
413.jpg,U
414.jpg,F
415.jpg,W
416.jpg,B
417.jpg,F
418.jpg,P
419.jpg,X
420.jpg,I
421.jpg,G
422.jpg,space
423.jpg,M
424.jpg,space
425.jpg,U
426.jpg,I
427.jpg,A
428.jpg,W
429.jpg,S
430.jpg,G
431.jpg,L
432.jpg,N
433.jpg,U
434.jpg,P
435.jpg,E
436.jpg,L
437.jpg,X
438.jpg,del
439.jpg,A
440.jpg,D
441.jpg,C
442.jpg,B
443.jpg,E
444.jpg,D
445.jpg,del
446.jpg,G
447.jpg,D
448.jpg,O
449.jpg,nothing
450.jpg,U
451.jpg,R
452.jpg,B
453.jpg,P
454.jpg,S
455.jpg,A
456.jpg,A
457.jpg,J
458.jpg,T
459.jpg,A
460.jpg,V
461.jpg,G
462.jpg,D
463.jpg,G
464.jpg,space
465.jpg,J
466.jpg,C
467.jpg,I
468.jpg,A
469.jpg,H
470.jpg,B
471.jpg,Y
472.jpg,A
473.jpg,A
474.jpg,I
475.jpg,del
476.jpg,V
477.jpg,A
478.jpg,X
479.jpg,M
480.jpg,I
481.jpg,U
482.jpg,E
483.jpg,Z
484.jpg,N
485.jpg,F
486.jpg,space
487.jpg,U
488.jpg,N
489.jpg,B
490.jpg,G
491.jpg,G
492.jpg,C
493.jpg,U
494.jpg,U
495.jpg,nothing
496.jpg,U
497.jpg,G
498.jpg,B
499.jpg,A
500.jpg,X
501.jpg,O
502.jpg,H
503.jpg,O
504.jpg,O
505.jpg,I
506.jpg,A
507.jpg,space
508.jpg,K
509.jpg,R
510.jpg,W
511.jpg,U
512.jpg,O
513.jpg,J
514.jpg,space
515.jpg,U
516.jpg,R
517.jpg,B
518.jpg,nothing
519.jpg,M
520.jpg,G
521.jpg,G
522.jpg,L
523.jpg,T
524.jpg,A
525.jpg,Y
526.jpg,L
527.jpg,D
528.jpg,X
529.jpg,G
530.jpg,R
531.jpg,U
532.jpg,Z
533.jpg,U
534.jpg,X
535.jpg,C
536.jpg,A
537.jpg,D
538.jpg,Q
539.jpg,G
540.jpg,Y
541.jpg,Z
542.jpg,M
543.jpg,del
544.jpg,A
545.jpg,M
546.jpg,X
547.jpg,R
548.jpg,S
549.jpg,del
550.jpg,I
551.jpg,C
552.jpg,del
553.jpg,T
554.jpg,D
555.jpg,I
556.jpg,Y
557.jpg,nothing
558.jpg,D
559.jpg,G
560.jpg,K
561.jpg,N
562.jpg,F
563.jpg,Y
564.jpg,G
565.jpg,C
566.jpg,S
567.jpg,M
568.jpg,R
569.jpg,G
570.jpg,space
571.jpg,F
572.jpg,space
573.jpg,S
574.jpg,R
575.jpg,F
576.jpg,del
577.jpg,G
578.jpg,S
579.jpg,B
580.jpg,U
581.jpg,space
582.jpg,X
583.jpg,O
584.jpg,V
585.jpg,F
586.jpg,M
587.jpg,S
588.jpg,F
589.jpg,G
590.jpg,I
591.jpg,B
592.jpg,D
593.jpg,R
594.jpg,F
595.jpg,G
596.jpg,S
597.jpg,W
598.jpg,A
599.jpg,R
600.jpg,X
601.jpg,B
602.jpg,S
603.jpg,D
604.jpg,D
605.jpg,A
606.jpg,G
607.jpg,V
608.jpg,Y
609.jpg,A
610.jpg,I
611.jpg,U
612.jpg,B
613.jpg,P
614.jpg,X
615.jpg,A
616.jpg,D
617.jpg,A
618.jpg,P
619.jpg,space
620.jpg,O
621.jpg,Q
622.jpg,A
623.jpg,G
624.jpg,N
625.jpg,del
626.jpg,C
627.jpg,F
628.jpg,A
629.jpg,H
630.jpg,M
631.jpg,B
632.jpg,M
633.jpg,X
634.jpg,J
635.jpg,A
636.jpg,A
637.jpg,nothing
638.jpg,nothing
639.jpg,D
640.jpg,P
641.jpg,L
642.jpg,Z
643.jpg,B
644.jpg,E
645.jpg,K
646.jpg,W
647.jpg,B
648.jpg,V
649.jpg,L
650.jpg,L
651.jpg,A
652.jpg,E
653.jpg,B
654.jpg,A
655.jpg,W
656.jpg,Z
657.jpg,A
658.jpg,G
659.jpg,F
660.jpg,C
661.jpg,P
662.jpg,space
663.jpg,C
664.jpg,C
665.jpg,nothing
666.jpg,G
667.jpg,T
668.jpg,B
669.jpg,X
670.jpg,G
671.jpg,O
672.jpg,Y
673.jpg,D
674.jpg,A
675.jpg,K
676.jpg,P
677.jpg,F
678.jpg,nothing
679.jpg,T
680.jpg,Q
681.jpg,B
682.jpg,A
683.jpg,G
684.jpg,L
685.jpg,I
686.jpg,space
687.jpg,R
688.jpg,I
689.jpg,D
690.jpg,N
691.jpg,T
692.jpg,A
693.jpg,D
694.jpg,S
695.jpg,space
696.jpg,del
697.jpg,J
698.jpg,A
699.jpg,B
700.jpg,C
701.jpg,W
702.jpg,N
703.jpg,S
704.jpg,O
705.jpg,N
706.jpg,G
707.jpg,space
708.jpg,A
709.jpg,E
710.jpg,A
711.jpg,N
712.jpg,R
713.jpg,B
714.jpg,S
715.jpg,S
716.jpg,F
717.jpg,M
718.jpg,A
719.jpg,W
720.jpg,A
721.jpg,I
722.jpg,L
723.jpg,G
724.jpg,P
725.jpg,W
726.jpg,L
727.jpg,V
728.jpg,A
729.jpg,B
730.jpg,F
731.jpg,Z
732.jpg,A
733.jpg,U
734.jpg,A
735.jpg,X
736.jpg,B
737.jpg,U
738.jpg,G
739.jpg,space
740.jpg,E
741.jpg,M
742.jpg,B
743.jpg,R
744.jpg,F
745.jpg,W
746.jpg,O
747.jpg,D
748.jpg,D
749.jpg,A
750.jpg,Y
751.jpg,B
752.jpg,M
753.jpg,R
754.jpg,N
755.jpg,C
756.jpg,C
757.jpg,J
758.jpg,D
759.jpg,V
760.jpg,A
761.jpg,W
762.jpg,P
763.jpg,C
764.jpg,U
765.jpg,K
766.jpg,V
767.jpg,D
768.jpg,F
769.jpg,Y
770.jpg,K
771.jpg,S
772.jpg,N
773.jpg,J
774.jpg,C
775.jpg,G
776.jpg,D
777.jpg,R
778.jpg,G
779.jpg,I
780.jpg,nothing
781.jpg,N
782.jpg,W
783.jpg,P
784.jpg,B
785.jpg,J
786.jpg,W
787.jpg,D
788.jpg,X
789.jpg,del
790.jpg,L
791.jpg,Z
792.jpg,Q
793.jpg,R
794.jpg,A
795.jpg,N
796.jpg,A
797.jpg,P
798.jpg,U
799.jpg,D
800.jpg,F
801.jpg,S
802.jpg,D
803.jpg,E
804.jpg,B
805.jpg,Y
806.jpg,D
807.jpg,A
808.jpg,C
809.jpg,nothing
810.jpg,K
811.jpg,X
812.jpg,A
813.jpg,G
814.jpg,nothing
815.jpg,B
816.jpg,P
817.jpg,J
818.jpg,N
819.jpg,K
820.jpg,C
821.jpg,M
822.jpg,G
823.jpg,G
824.jpg,B
825.jpg,V
826.jpg,R
827.jpg,Z
828.jpg,A
829.jpg,X
830.jpg,F
831.jpg,nothing
832.jpg,K
833.jpg,A
834.jpg,B
835.jpg,A
836.jpg,G
837.jpg,A
838.jpg,E
839.jpg,T
840.jpg,A
841.jpg,R
842.jpg,X
843.jpg,E
844.jpg,O
845.jpg,Q
846.jpg,W
847.jpg,U
848.jpg,L
849.jpg,Z
850.jpg,R
851.jpg,del
852.jpg,L
853.jpg,L
854.jpg,W
855.jpg,M
856.jpg,A
857.jpg,T
858.jpg,A
859.jpg,T
860.jpg,I
861.jpg,G
862.jpg,S
863.jpg,U
864.jpg,A
865.jpg,I
866.jpg,L
867.jpg,X
868.jpg,C
869.jpg,L
870.jpg,del
871.jpg,B
872.jpg,B
873.jpg,Y
874.jpg,O
875.jpg,M
876.jpg,Q
877.jpg,Y
878.jpg,L
879.jpg,D
880.jpg,A
881.jpg,C
882.jpg,P
883.jpg,E
884.jpg,U
885.jpg,E
886.jpg,V
887.jpg,K
888.jpg,X
889.jpg,W
890.jpg,del
891.jpg,G
892.jpg,D
893.jpg,X
894.jpg,A
895.jpg,E
896.jpg,G
897.jpg,C
898.jpg,O
899.jpg,G
900.jpg,S
901.jpg,M
902.jpg,O
903.jpg,V
904.jpg,A
905.jpg,B
906.jpg,U
907.jpg,X
908.jpg,I
909.jpg,S
910.jpg,I
911.jpg,D
912.jpg,K
913.jpg,E
914.jpg,C
915.jpg,C
916.jpg,D
917.jpg,K
918.jpg,B
919.jpg,space
920.jpg,space
921.jpg,P
922.jpg,G
923.jpg,C
924.jpg,O
925.jpg,P
926.jpg,G
927.jpg,del
928.jpg,Y
929.jpg,nothing
930.jpg,B
931.jpg,B
932.jpg,X
933.jpg,S
934.jpg,K
935.jpg,F
936.jpg,K
937.jpg,Q
938.jpg,T
939.jpg,L
940.jpg,M
941.jpg,I
942.jpg,S
943.jpg,Y
944.jpg,J
945.jpg,D
946.jpg,A
947.jpg,B
948.jpg,Y
949.jpg,I
950.jpg,M
951.jpg,V
952.jpg,O
953.jpg,B
954.jpg,G
955.jpg,del
956.jpg,K
957.jpg,J
958.jpg,W
959.jpg,Y
960.jpg,nothing
961.jpg,I
962.jpg,M
963.jpg,G
964.jpg,S
965.jpg,M
966.jpg,W
967.jpg,D
968.jpg,V
969.jpg,D
970.jpg,space
971.jpg,G
972.jpg,G
973.jpg,Y
974.jpg,X
975.jpg,A
976.jpg,Q
977.jpg,G
978.jpg,L
979.jpg,H
980.jpg,L
981.jpg,R
982.jpg,G
983.jpg,B
984.jpg,U
985.jpg,A
986.jpg,C
987.jpg,nothing
988.jpg,P
989.jpg,Z
990.jpg,U
991.jpg,space
992.jpg,Y
993.jpg,S
994.jpg,A
995.jpg,R
996.jpg,G
997.jpg,V
998.jpg,D
999.jpg,A
1000.jpg,del
1001.jpg,nothing
1002.jpg,P
1003.jpg,R
1004.jpg,K
1005.jpg,D
1006.jpg,B
1007.jpg,F
1008.jpg,R
1009.jpg,T
1010.jpg,R
1011.jpg,C
1012.jpg,Q
1013.jpg,A
1014.jpg,A
1015.jpg,J
1016.jpg,P
1017.jpg,L
1018.jpg,Q
1019.jpg,B
1020.jpg,X
1021.jpg,A
1022.jpg,C
1023.jpg,G
1024.jpg,I
1025.jpg,Q
1026.jpg,G
1027.jpg,del
1028.jpg,F
1029.jpg,G
1030.jpg,B
1031.jpg,M
1032.jpg,A
1033.jpg,J
1034.jpg,R
1035.jpg,D
1036.jpg,del
1037.jpg,C
1038.jpg,I
1039.jpg,A
1040.jpg,E
1041.jpg,V
1042.jpg,C
1043.jpg,A
1044.jpg,Z
1045.jpg,B
1046.jpg,B
1047.jpg,G
1048.jpg,X
1049.jpg,S
1050.jpg,Z
1051.jpg,D
1052.jpg,I
1053.jpg,D
1054.jpg,Z
1055.jpg,G
1056.jpg,M
1057.jpg,E
1058.jpg,Y
1059.jpg,D
1060.jpg,Z
1061.jpg,T
1062.jpg,U
1063.jpg,K
1064.jpg,A
1065.jpg,R
1066.jpg,C
1067.jpg,del
1068.jpg,nothing
1069.jpg,C
1070.jpg,A
1071.jpg,X
1072.jpg,O
1073.jpg,A
1074.jpg,del
1075.jpg,G
1076.jpg,G
1077.jpg,X
1078.jpg,A
1079.jpg,A
1080.jpg,D
1081.jpg,Q
1082.jpg,B
1083.jpg,del
1084.jpg,L
1085.jpg,A
1086.jpg,G
1087.jpg,U
1088.jpg,Z
1089.jpg,nothing
1090.jpg,I
1091.jpg,V
1092.jpg,A
1093.jpg,D
1094.jpg,G
1095.jpg,T
1096.jpg,J
1097.jpg,space
1098.jpg,Y
1099.jpg,nothing
1100.jpg,L
1101.jpg,O
1102.jpg,L
1103.jpg,B
1104.jpg,A
1105.jpg,G
1106.jpg,K
1107.jpg,E
1108.jpg,G
1109.jpg,Q
1110.jpg,N
1111.jpg,L
1112.jpg,K
1113.jpg,V
1114.jpg,A
1115.jpg,B
1116.jpg,F
1117.jpg,W
1118.jpg,Q
1119.jpg,space
1120.jpg,G
1121.jpg,D
1122.jpg,G
1123.jpg,G
1124.jpg,M
1125.jpg,L
1126.jpg,E
1127.jpg,space
1128.jpg,Y
1129.jpg,Y
1130.jpg,C
1131.jpg,H
1132.jpg,B
1133.jpg,D
1134.jpg,F
1135.jpg,F
1136.jpg,Y
1137.jpg,F
1138.jpg,A
1139.jpg,A
1140.jpg,A
1141.jpg,space
1142.jpg,A
1143.jpg,A
1144.jpg,P
1145.jpg,N
1146.jpg,S
1147.jpg,A
1148.jpg,del
1149.jpg,R
