ANDALUCÍA	
    1.-DELITOS Y FALTAS (EU)	85396.0	80611.0	-5.6	
    2.-HOMICIDIOS DOLOSOS Y ASESINATOS CONSUMADOS (EU)	14.0	16.0	14.3	
    3.-ROBO CON VIOLENCIA E INTIMIDACIÓN (EU)	1799.0	1838.0	2.2	
    4.-ROBOS CON FUERZA EN DOMICILIOS (EU)	4890.0	4833.0	-1.2	
    5.-SUSTRACCIÓN VEHÍCULOS A MOTOR (EU)	2181.0	2091.0	-4.1	
    6.-TRÁFICO DE DROGAS (EU)	760.0	683.0	-10.1	
    7.-DAÑOS	8804.0	8593.0	-2.4	
    8.-HURTOS	27375.0	26466.0	-3.3	
Provincia de ALMERÍA	
    1.-DELITOS Y FALTAS (EU)	7504.0	7664.0	2.1	
    2.-HOMICIDIOS DOLOSOS Y ASESINATOS CONSUMADOS (EU)	2.0	4.0	100.0	
    3.-ROBO CON VIOLENCIA E INTIMIDACIÓN (EU)	177.0	164.0	-7.3	
    4.-ROBOS CON FUERZA EN DOMICILIOS (EU)	726.0	769.0	5.9	
    5.-SUSTRACCIÓN VEHÍCULOS A MOTOR (EU)	132.0	191.0	44.7	
    6.-TRÁFICO DE DROGAS (EU)	32.0	43.0	34.4	
    7.-DAÑOS	862.0	1057.0	22.6	
    8.-HURTOS	2011.0	1886.0	-6.2	
- Municipio de Almería	
    1.-DELITOS Y FALTAS (EU)	2268.0	2284.0	0.7	
    2.-HOMICIDIOS DOLOSOS Y ASESINATOS CONSUMADOS (EU)	0.0	0.0	0.0	
    3.-ROBO CON VIOLENCIA E INTIMIDACIÓN (EU)	79.0	54.0	-31.6	
    4.-ROBOS CON FUERZA EN DOMICILIOS (EU)	148.0	144.0	-2.7	
    5.-SUSTRACCIÓN VEHÍCULOS A MOTOR (EU)	49.0	99.0	102.0	
    6.-TRÁFICO DE DROGAS (EU)	13.0	15.0	15.4	
    7.-DAÑOS	256.0	310.0	21.1	
    8.-HURTOS	763.0	673.0	-11.8	
- Municipio de Roquetas de Mar	
    1.-DELITOS Y FALTAS (EU)	1429.0	1505.0	5.3	
    2.-HOMICIDIOS DOLOSOS Y ASESINATOS CONSUMADOS (EU)	0.0	0.0	0.0	
    3.-ROBO CON VIOLENCIA E INTIMIDACIÓN (EU)	42.0	55.0	31.0	
    4.-ROBOS CON FUERZA EN DOMICILIOS (EU)	155.0	130.0	-16.1	
    5.-SUSTRACCIÓN VEHÍCULOS A MOTOR (EU)	24.0	23.0	-4.2	
    6.-TRÁFICO DE DROGAS (EU)	3.0	9.0	200.0	
    7.-DAÑOS	159.0	205.0	28.9	
    8.-HURTOS	393.0	428.0	8.9	
- Municipio de Ejido (El)	
    1.-DELITOS Y FALTAS (EU)	959.0	980.0	2.2	
    2.-HOMICIDIOS DOLOSOS Y ASESINATOS CONSUMADOS (EU)	1.0	1.0	0.0	
    3.-ROBO CON VIOLENCIA E INTIMIDACIÓN (EU)	30.0	19.0	-36.7	
    4.-ROBOS CON FUERZA EN DOMICILIOS (EU)	53.0	94.0	77.4	
    5.-SUSTRACCIÓN VEHÍCULOS A MOTOR (EU)	8.0	10.0	25.0	
    6.-TRÁFICO DE DROGAS (EU)	3.0	3.0	0.0	
    7.-DAÑOS	107.0	159.0	48.6	
    8.-HURTOS	242.0	229.0	-5.4	
Provincia de CÁDIZ	
    1.-DELITOS Y FALTAS (EU)	12763.0	12070.0	-5.4	
    2.-HOMICIDIOS DOLOSOS Y ASESINATOS CONSUMADOS (EU)	3.0	0.0	-100.0	
    3.-ROBO CON VIOLENCIA E INTIMIDACIÓN (EU)	188.0	217.0	15.4	
    4.-ROBOS CON FUERZA EN DOMICILIOS (EU)	728.0	586.0	-19.5	
    5.-SUSTRACCIÓN VEHÍCULOS A MOTOR (EU)	408.0	366.0	-10.3	
    6.-TRÁFICO DE DROGAS (EU)	249.0	187.0	-24.9	
    7.-DAÑOS	1514.0	1324.0	-12.5	
    8.-HURTOS	3802.0	3874.0	1.9	
- Municipio de Algeciras	
    1.-DELITOS Y FALTAS (EU)	1438.0	1234.0	-14.2	
    2.-HOMICIDIOS DOLOSOS Y ASESINATOS CONSUMADOS (EU)	1.0	0.0	-100.0	
    3.-ROBO CON VIOLENCIA E INTIMIDACIÓN (EU)	25.0	26.0	4.0	
    4.-ROBOS CON FUERZA EN DOMICILIOS (EU)	58.0	52.0	-10.3	
    5.-SUSTRACCIÓN VEHÍCULOS A MOTOR (EU)	55.0	27.0	-50.9	
    6.-TRÁFICO DE DROGAS (EU)	129.0	91.0	-29.5	
    7.-DAÑOS	177.0	94.0	-46.9	
    8.-HURTOS	341.0	316.0	-7.3	
- Municipio de Cádiz	
    1.-DELITOS Y FALTAS (EU)	1492.0	1494.0	0.1	
    2.-HOMICIDIOS DOLOSOS Y ASESINATOS CONSUMADOS (EU)	0.0	0.0	0.0	
    3.-ROBO CON VIOLENCIA E INTIMIDACIÓN (EU)	19.0	34.0	78.9	
    4.-ROBOS CON FUERZA EN DOMICILIOS (EU)	19.0	10.0	-47.4	
    5.-SUSTRACCIÓN VEHÍCULOS A MOTOR (EU)	42.0	50.0	19.0	
    6.-TRÁFICO DE DROGAS (EU)	19.0	10.0	-47.4	
    7.-DAÑOS	127.0	135.0	6.3	
    8.-HURTOS	653.0	695.0	6.4	
- Municipio de Chiclana de la Frontera	
    1.-DELITOS Y FALTAS (EU)	750.0	765.0	2.0	
    2.-HOMICIDIOS DOLOSOS Y ASESINATOS CONSUMADOS (EU)	0.0	0.0	0.0	
    3.-ROBO CON VIOLENCIA E INTIMIDACIÓN (EU)	7.0	7.0	0.0	
    4.-ROBOS CON FUERZA EN DOMICILIOS (EU)	183.0	117.0	-36.1	
    5.-SUSTRACCIÓN VEHÍCULOS A MOTOR (EU)	7.0	15.0	114.3	
    6.-TRÁFICO DE DROGAS (EU)	5.0	2.0	-60.0	
    7.-DAÑOS	110.0	102.0	-7.3	
    8.-HURTOS	145.0	179.0	23.4	
- Municipio de Jerez de la Frontera	
    1.-DELITOS Y FALTAS (EU)	2777.0	2485.0	-10.5	
    2.-HOMICIDIOS DOLOSOS Y ASESINATOS CONSUMADOS (EU)	0.0	0.0	0.0	
    3.-ROBO CON VIOLENCIA E INTIMIDACIÓN (EU)	46.0	52.0	13.0	
    4.-ROBOS CON FUERZA EN DOMICILIOS (EU)	98.0	51.0	-48.0	
    5.-SUSTRACCIÓN VEHÍCULOS A MOTOR (EU)	87.0	75.0	-13.8	
    6.-TRÁFICO DE DROGAS (EU)	7.0	7.0	0.0	
    7.-DAÑOS	324.0	234.0	-27.8	
    8.-HURTOS	955.0	931.0	-2.5	
- Municipio de Línea de la Concepción (La)	
    1.-DELITOS Y FALTAS (EU)	702.0	592.0	-15.7	
    2.-HOMICIDIOS DOLOSOS Y ASESINATOS CONSUMADOS (EU)	0.0	0.0	0.0	
    3.-ROBO CON VIOLENCIA E INTIMIDACIÓN (EU)	21.0	21.0	0.0	
    4.-ROBOS CON FUERZA EN DOMICILIOS (EU)	17.0	12.0	-29.4	
    5.-SUSTRACCIÓN VEHÍCULOS A MOTOR (EU)	32.0	20.0	-37.5	
    6.-TRÁFICO DE DROGAS (EU)	9.0	13.0	44.4	
    7.-DAÑOS	79.0	83.0	5.1	
    8.-HURTOS	142.0	135.0	-4.9	
- Municipio de Puerto de Santa María (El)	
    1.-DELITOS Y FALTAS (EU)	967.0	893.0	-7.7	
    2.-HOMICIDIOS DOLOSOS Y ASESINATOS CONSUMADOS (EU)	1.0	0.0	-100.0	
    3.-ROBO CON VIOLENCIA E INTIMIDACIÓN (EU)	18.0	15.0	-16.7	
    4.-ROBOS CON FUERZA EN DOMICILIOS (EU)	40.0	13.0	-67.5	
    5.-SUSTRACCIÓN VEHÍCULOS A MOTOR (EU)	25.0	20.0	-20.0	
    6.-TRÁFICO DE DROGAS (EU)	12.0	10.0	-16.7	
    7.-DAÑOS	145.0	116.0	-20.0	
    8.-HURTOS	342.0	299.0	-12.6	
- Municipio de San Fernando	
    1.-DELITOS Y FALTAS (EU)	879.0	832.0	-5.3	
    2.-HOMICIDIOS DOLOSOS Y ASESINATOS CONSUMADOS (EU)	0.0	0.0	0.0	
    3.-ROBO CON VIOLENCIA E INTIMIDACIÓN (EU)	7.0	8.0	14.3	
    4.-ROBOS CON FUERZA EN DOMICILIOS (EU)	14.0	30.0	114.3	
    5.-SUSTRACCIÓN VEHÍCULOS A MOTOR (EU)	39.0	38.0	-2.6	
    6.-TRÁFICO DE DROGAS (EU)	8.0	8.0	0.0	
    7.-DAÑOS	110.0	82.0	-25.5	
    8.-HURTOS	312.0	309.0	-1.0	
- Municipio de Sanlúcar de Barrameda	
    1.-DELITOS Y FALTAS (EU)	602.0	653.0	8.5	
    2.-HOMICIDIOS DOLOSOS Y ASESINATOS CONSUMADOS (EU)	0.0	0.0	0.0	
    3.-ROBO CON VIOLENCIA E INTIMIDACIÓN (EU)	15.0	19.0	26.7	
    4.-ROBOS CON FUERZA EN DOMICILIOS (EU)	39.0	47.0	20.5	
    5.-SUSTRACCIÓN VEHÍCULOS A MOTOR (EU)	40.0	34.0	-15.0	
    6.-TRÁFICO DE DROGAS (EU)	1.0	8.0	700.0	
    7.-DAÑOS	79.0	105.0	32.9	
    8.-HURTOS	198.0	219.0	10.6	
Provincia de CÓRDOBA	
    1.-DELITOS Y FALTAS (EU)	6670.0	6056.0	-9.2	
    2.-HOMICIDIOS DOLOSOS Y ASESINATOS CONSUMADOS (EU)	0.0	0.0	0.0	
    3.-ROBO CON VIOLENCIA E INTIMIDACIÓN (EU)	120.0	127.0	5.8	
    4.-ROBOS CON FUERZA EN DOMICILIOS (EU)	297.0	321.0	8.1	
    5.-SUSTRACCIÓN VEHÍCULOS A MOTOR (EU)	113.0	113.0	0.0	
    6.-TRÁFICO DE DROGAS (EU)	26.0	36.0	38.5	
    7.-DAÑOS	710.0	630.0	-11.3	
    8.-HURTOS	2146.0	1976.0	-7.9	
- Municipio de Córdoba	
    1.-DELITOS Y FALTAS (EU)	3935.0	3456.0	-12.2	
    2.-HOMICIDIOS DOLOSOS Y ASESINATOS CONSUMADOS (EU)	0.0	0.0	0.0	
    3.-ROBO CON VIOLENCIA E INTIMIDACIÓN (EU)	94.0	92.0	-2.1	
    4.-ROBOS CON FUERZA EN DOMICILIOS (EU)	136.0	112.0	-17.6	
    5.-SUSTRACCIÓN VEHÍCULOS A MOTOR (EU)	79.0	70.0	-11.4	
    6.-TRÁFICO DE DROGAS (EU)	19.0	31.0	63.2	
    7.-DAÑOS	412.0	365.0	-11.4	
    8.-HURTOS	1361.0	1223.0	-10.1	
Provincia de GRANADA	
    1.-DELITOS Y FALTAS (EU)	8486.0	8150.0	-4.0	
    2.-HOMICIDIOS DOLOSOS Y ASESINATOS CONSUMADOS (EU)	2.0	0.0	-100.0	
    3.-ROBO CON VIOLENCIA E INTIMIDACIÓN (EU)	214.0	183.0	-14.5	
    4.-ROBOS CON FUERZA EN DOMICILIOS (EU)	514.0	593.0	15.4	
    5.-SUSTRACCIÓN VEHÍCULOS A MOTOR (EU)	203.0	238.0	17.2	
    6.-TRÁFICO DE DROGAS (EU)	128.0	101.0	-21.1	
    7.-DAÑOS	960.0	938.0	-2.3	
    8.-HURTOS	2761.0	2630.0	-4.7	
- Municipio de Granada	
    1.-DELITOS Y FALTAS (EU)	3374.0	3184.0	-5.6	
    2.-HOMICIDIOS DOLOSOS Y ASESINATOS CONSUMADOS (EU)	0.0	0.0	0.0	
    3.-ROBO CON VIOLENCIA E INTIMIDACIÓN (EU)	123.0	120.0	-2.4	
    4.-ROBOS CON FUERZA EN DOMICILIOS (EU)	98.0	88.0	-10.2	
    5.-SUSTRACCIÓN VEHÍCULOS A MOTOR (EU)	84.0	89.0	6.0	
    6.-TRÁFICO DE DROGAS (EU)	41.0	20.0	-51.2	
    7.-DAÑOS	291.0	333.0	14.4	
    8.-HURTOS	1435.0	1389.0	-3.2	
- Municipio de Motril	
    1.-DELITOS Y FALTAS (EU)	663.0	667.0	0.6	
    2.-HOMICIDIOS DOLOSOS Y ASESINATOS CONSUMADOS (EU)	0.0	0.0	0.0	
    3.-ROBO CON VIOLENCIA E INTIMIDACIÓN (EU)	20.0	14.0	-30.0	
    4.-ROBOS CON FUERZA EN DOMICILIOS (EU)	24.0	55.0	129.2	
    5.-SUSTRACCIÓN VEHÍCULOS A MOTOR (EU)	16.0	41.0	156.3	
    6.-TRÁFICO DE DROGAS (EU)	9.0	10.0	11.1	
    7.-DAÑOS	79.0	90.0	13.9	
    8.-HURTOS	175.0	172.0	-1.7	
Provincia de HUELVA	
    1.-DELITOS Y FALTAS (EU)	5206.0	5045.0	-3.1	
    2.-HOMICIDIOS DOLOSOS Y ASESINATOS CONSUMADOS (EU)	1.0	1.0	0.0	
    3.-ROBO CON VIOLENCIA E INTIMIDACIÓN (EU)	79.0	75.0	-5.1	
    4.-ROBOS CON FUERZA EN DOMICILIOS (EU)	497.0	453.0	-8.9	
    5.-SUSTRACCIÓN VEHÍCULOS A MOTOR (EU)	85.0	101.0	18.8	
    6.-TRÁFICO DE DROGAS (EU)	34.0	22.0	-35.3	
    7.-DAÑOS	401.0	486.0	21.2	
    8.-HURTOS	1486.0	1408.0	-5.2	
- Municipio de Huelva	
    1.-DELITOS Y FALTAS (EU)	2134.0	1917.0	-10.2	
    2.-HOMICIDIOS DOLOSOS Y ASESINATOS CONSUMADOS (EU)	0.0	0.0	0.0	
    3.-ROBO CON VIOLENCIA E INTIMIDACIÓN (EU)	39.0	42.0	7.7	
    4.-ROBOS CON FUERZA EN DOMICILIOS (EU)	43.0	24.0	-44.2	
    5.-SUSTRACCIÓN VEHÍCULOS A MOTOR (EU)	34.0	28.0	-17.6	
    6.-TRÁFICO DE DROGAS (EU)	13.0	4.0	-69.2	
    7.-DAÑOS	224.0	229.0	2.2	
    8.-HURTOS	874.0	795.0	-9.0	
Provincia de JAÉN	
    1.-DELITOS Y FALTAS (EU)	4462.0	4527.0	1.5	
    2.-HOMICIDIOS DOLOSOS Y ASESINATOS CONSUMADOS (EU)	2.0	1.0	-50.0	
    3.-ROBO CON VIOLENCIA E INTIMIDACIÓN (EU)	78.0	76.0	-2.6	
    4.-ROBOS CON FUERZA EN DOMICILIOS (EU)	219.0	313.0	42.9	
    5.-SUSTRACCIÓN VEHÍCULOS A MOTOR (EU)	84.0	98.0	16.7	
    6.-TRÁFICO DE DROGAS (EU)	14.0	24.0	71.4	
    7.-DAÑOS	551.0	551.0	0.0	
    8.-HURTOS	1292.0	1283.0	-0.7	
- Municipio de Jaén	
    1.-DELITOS Y FALTAS (EU)	1252.0	1250.0	-0.2	
    2.-HOMICIDIOS DOLOSOS Y ASESINATOS CONSUMADOS (EU)	0.0	0.0	0.0	
    3.-ROBO CON VIOLENCIA E INTIMIDACIÓN (EU)	37.0	43.0	16.2	
    4.-ROBOS CON FUERZA EN DOMICILIOS (EU)	46.0	84.0	82.6	
    5.-SUSTRACCIÓN VEHÍCULOS A MOTOR (EU)	42.0	48.0	14.3	
    6.-TRÁFICO DE DROGAS (EU)	3.0	9.0	200.0	
    7.-DAÑOS	189.0	161.0	-14.8	
    8.-HURTOS	389.0	390.0	0.3	
- Municipio de Linares	
    1.-DELITOS Y FALTAS (EU)	525.0	533.0	1.5	
    2.-HOMICIDIOS DOLOSOS Y ASESINATOS CONSUMADOS (EU)	0.0	0.0	0.0	
    3.-ROBO CON VIOLENCIA E INTIMIDACIÓN (EU)	13.0	9.0	-30.8	
    4.-ROBOS CON FUERZA EN DOMICILIOS (EU)	19.0	16.0	-15.8	
    5.-SUSTRACCIÓN VEHÍCULOS A MOTOR (EU)	11.0	10.0	-9.1	
    6.-TRÁFICO DE DROGAS (EU)	3.0	6.0	100.0	
    7.-DAÑOS	55.0	83.0	50.9	
    8.-HURTOS	196.0	195.0	-0.5	
Provincia de MÁLAGA	
    1.-DELITOS Y FALTAS (EU)	17987.0	17371.0	-3.4	
    2.-HOMICIDIOS DOLOSOS Y ASESINATOS CONSUMADOS (EU)	2.0	7.0	250.0	
    3.-ROBO CON VIOLENCIA E INTIMIDACIÓN (EU)	348.0	372.0	6.9	
    4.-ROBOS CON FUERZA EN DOMICILIOS (EU)	1012.0	903.0	-10.8	
    5.-SUSTRACCIÓN VEHÍCULOS A MOTOR (EU)	597.0	535.0	-10.4	
    6.-TRÁFICO DE DROGAS (EU)	202.0	174.0	-13.9	
    7.-DAÑOS	1752.0	1826.0	4.2	
    8.-HURTOS	6100.0	6207.0	1.8	
- Municipio de Benalmádena	
    1.-DELITOS Y FALTAS (EU)	962.0	818.0	-15.0	
    2.-HOMICIDIOS DOLOSOS Y ASESINATOS CONSUMADOS (EU)	0.0	0.0	0.0	
    3.-ROBO CON VIOLENCIA E INTIMIDACIÓN (EU)	13.0	12.0	-7.7	
    4.-ROBOS CON FUERZA EN DOMICILIOS (EU)	39.0	31.0	-20.5	
    5.-SUSTRACCIÓN VEHÍCULOS A MOTOR (EU)	30.0	25.0	-16.7	
    6.-TRÁFICO DE DROGAS (EU)	9.0	8.0	-11.1	
    7.-DAÑOS	129.0	111.0	-14.0	
    8.-HURTOS	299.0	270.0	-9.7	
- Municipio de Estepona	
    1.-DELITOS Y FALTAS (EU)	767.0	731.0	-4.7	
    2.-HOMICIDIOS DOLOSOS Y ASESINATOS CONSUMADOS (EU)	0.0	2.0	100.0	
    3.-ROBO CON VIOLENCIA E INTIMIDACIÓN (EU)	12.0	6.0	-50.0	
    4.-ROBOS CON FUERZA EN DOMICILIOS (EU)	70.0	63.0	-10.0	
    5.-SUSTRACCIÓN VEHÍCULOS A MOTOR (EU)	29.0	23.0	-20.7	
    6.-TRÁFICO DE DROGAS (EU)	13.0	11.0	-15.4	
    7.-DAÑOS	88.0	97.0	10.2	
    8.-HURTOS	186.0	205.0	10.2	
- Municipio de Fuengirola	
    1.-DELITOS Y FALTAS (EU)	1423.0	1219.0	-14.3	
    2.-HOMICIDIOS DOLOSOS Y ASESINATOS CONSUMADOS (EU)	0.0	1.0	100.0	
    3.-ROBO CON VIOLENCIA E INTIMIDACIÓN (EU)	32.0	25.0	-21.9	
    4.-ROBOS CON FUERZA EN DOMICILIOS (EU)	47.0	22.0	-53.2	
    5.-SUSTRACCIÓN VEHÍCULOS A MOTOR (EU)	40.0	48.0	20.0	
    6.-TRÁFICO DE DROGAS (EU)	20.0	21.0	5.0	
    7.-DAÑOS	125.0	116.0	-7.2	
    8.-HURTOS	601.0	492.0	-18.1	
- Municipio de Málaga	
    1.-DELITOS Y FALTAS (EU)	6168.0	5963.0	-3.3	
    2.-HOMICIDIOS DOLOSOS Y ASESINATOS CONSUMADOS (EU)	1.0	2.0	100.0	
    3.-ROBO CON VIOLENCIA E INTIMIDACIÓN (EU)	136.0	182.0	33.8	
    4.-ROBOS CON FUERZA EN DOMICILIOS (EU)	165.0	139.0	-15.8	
    5.-SUSTRACCIÓN VEHÍCULOS A MOTOR (EU)	223.0	165.0	-26.0	
    6.-TRÁFICO DE DROGAS (EU)	73.0	50.0	-31.5	
    7.-DAÑOS	406.0	441.0	8.6	
    8.-HURTOS	2614.0	2708.0	3.6	
- Municipio de Marbella	
    1.-DELITOS Y FALTAS (EU)	2336.0	2507.0	7.3	
    2.-HOMICIDIOS DOLOSOS Y ASESINATOS CONSUMADOS (EU)	0.0	0.0	0.0	
    3.-ROBO CON VIOLENCIA E INTIMIDACIÓN (EU)	52.0	45.0	-13.5	
    4.-ROBOS CON FUERZA EN DOMICILIOS (EU)	118.0	117.0	-0.8	
    5.-SUSTRACCIÓN VEHÍCULOS A MOTOR (EU)	92.0	114.0	23.9	
    6.-TRÁFICO DE DROGAS (EU)	19.0	18.0	-5.3	
    7.-DAÑOS	237.0	298.0	25.7	
    8.-HURTOS	748.0	842.0	12.6	
- Municipio de Mijas	
    1.-DELITOS Y FALTAS (EU)	1240.0	1077.0	-13.1	
    2.-HOMICIDIOS DOLOSOS Y ASESINATOS CONSUMADOS (EU)	0.0	0.0	0.0	
    3.-ROBO CON VIOLENCIA E INTIMIDACIÓN (EU)	25.0	17.0	-32.0	
    4.-ROBOS CON FUERZA EN DOMICILIOS (EU)	137.0	88.0	-35.8	
    5.-SUSTRACCIÓN VEHÍCULOS A MOTOR (EU)	63.0	50.0	-20.6	
    6.-TRÁFICO DE DROGAS (EU)	10.0	12.0	20.0	
    7.-DAÑOS	148.0	157.0	6.1	
    8.-HURTOS	295.0	289.0	-2.0	
- Municipio de Vélez-Málaga	
    1.-DELITOS Y FALTAS (EU)	642.0	626.0	-2.5	
    2.-HOMICIDIOS DOLOSOS Y ASESINATOS CONSUMADOS (EU)	0.0	0.0	0.0	
    3.-ROBO CON VIOLENCIA E INTIMIDACIÓN (EU)	7.0	10.0	42.9	
    4.-ROBOS CON FUERZA EN DOMICILIOS (EU)	53.0	21.0	-60.4	
    5.-SUSTRACCIÓN VEHÍCULOS A MOTOR (EU)	14.0	6.0	-57.1	
    6.-TRÁFICO DE DROGAS (EU)	13.0	7.0	-46.2	
    7.-DAÑOS	87.0	74.0	-14.9	
    8.-HURTOS	181.0	202.0	11.6	
- Municipio de Torremolinos	
    1.-DELITOS Y FALTAS (EU)	1055.0	966.0	-8.4	
    2.-HOMICIDIOS DOLOSOS Y ASESINATOS CONSUMADOS (EU)	0.0	2.0	100.0	
    3.-ROBO CON VIOLENCIA E INTIMIDACIÓN (EU)	27.0	22.0	-18.5	
    4.-ROBOS CON FUERZA EN DOMICILIOS (EU)	31.0	33.0	6.5	
    5.-SUSTRACCIÓN VEHÍCULOS A MOTOR (EU)	18.0	16.0	-11.1	
    6.-TRÁFICO DE DROGAS (EU)	9.0	17.0	88.9	
    7.-DAÑOS	111.0	110.0	-0.9	
    8.-HURTOS	333.0	340.0	2.1	
Provincia de SEVILLA	
    1.-DELITOS Y FALTAS (EU)	22318.0	19728.0	-11.6	
    2.-HOMICIDIOS DOLOSOS Y ASESINATOS CONSUMADOS (EU)	2.0	3.0	50.0	
    3.-ROBO CON VIOLENCIA E INTIMIDACIÓN (EU)	595.0	624.0	4.9	
    4.-ROBOS CON FUERZA EN DOMICILIOS (EU)	897.0	895.0	-0.2	
    5.-SUSTRACCIÓN VEHÍCULOS A MOTOR (EU)	559.0	449.0	-19.7	
    6.-TRÁFICO DE DROGAS (EU)	75.0	96.0	28.0	
    7.-DAÑOS	2054.0	1781.0	-13.3	
    8.-HURTOS	7777.0	7202.0	-7.4	
- Municipio de Alcalá de Guadaíra	
    1.-DELITOS Y FALTAS (EU)	1193.0	923.0	-22.6	
    2.-HOMICIDIOS DOLOSOS Y ASESINATOS CONSUMADOS (EU)	0.0	0.0	0.0	
    3.-ROBO CON VIOLENCIA E INTIMIDACIÓN (EU)	14.0	7.0	-50.0	
    4.-ROBOS CON FUERZA EN DOMICILIOS (EU)	57.0	71.0	24.6	
    5.-SUSTRACCIÓN VEHÍCULOS A MOTOR (EU)	30.0	21.0	-30.0	
    6.-TRÁFICO DE DROGAS (EU)	6.0	2.0	-66.7	
    7.-DAÑOS	113.0	98.0	-13.3	
    8.-HURTOS	345.0	317.0	-8.1	
- Municipio de Dos Hermanas	
    1.-DELITOS Y FALTAS (EU)	1300.0	1157.0	-11.0	
    2.-HOMICIDIOS DOLOSOS Y ASESINATOS CONSUMADOS (EU)	0.0	1.0	100.0	
    3.-ROBO CON VIOLENCIA E INTIMIDACIÓN (EU)	31.0	21.0	-32.3	
    4.-ROBOS CON FUERZA EN DOMICILIOS (EU)	33.0	37.0	12.1	
    5.-SUSTRACCIÓN VEHÍCULOS A MOTOR (EU)	33.0	31.0	-6.1	
    6.-TRÁFICO DE DROGAS (EU)	2.0	8.0	300.0	
    7.-DAÑOS	175.0	144.0	-17.7	
    8.-HURTOS	449.0	399.0	-11.1	
- Municipio de Sevilla	
    1.-DELITOS Y FALTAS (EU)	11848.0	10755.0	-9.2	
    2.-HOMICIDIOS DOLOSOS Y ASESINATOS CONSUMADOS (EU)	0.0	2.0	100.0	
    3.-ROBO CON VIOLENCIA E INTIMIDACIÓN (EU)	446.0	459.0	2.9	
    4.-ROBOS CON FUERZA EN DOMICILIOS (EU)	247.0	226.0	-8.5	
    5.-SUSTRACCIÓN VEHÍCULOS A MOTOR (EU)	327.0	275.0	-15.9	
    6.-TRÁFICO DE DROGAS (EU)	32.0	41.0	28.1	
    7.-DAÑOS	1034.0	950.0	-8.1	
    8.-HURTOS	4852.0	4766.0	-1.8	
- Municipio de Utrera	
    1.-DELITOS Y FALTAS (EU)	838.0	529.0	-36.9	
    2.-HOMICIDIOS DOLOSOS Y ASESINATOS CONSUMADOS (EU)	0.0	0.0	0.0	
    3.-ROBO CON VIOLENCIA E INTIMIDACIÓN (EU)	8.0	7.0	-12.5	
    4.-ROBOS CON FUERZA EN DOMICILIOS (EU)	57.0	17.0	-70.2	
    5.-SUSTRACCIÓN VEHÍCULOS A MOTOR (EU)	19.0	11.0	-42.1	
    6.-TRÁFICO DE DROGAS (EU)	2.0	1.0	-50.0	
    7.-DAÑOS	87.0	54.0	-37.9	
    8.-HURTOS	259.0	151.0	-41.7	
ARAGÓN	
    1.-DELITOS Y FALTAS (EU)	9502.0	9448.0	-0.6	
    2.-HOMICIDIOS DOLOSOS Y ASESINATOS CONSUMADOS (EU)	4.0	3.0	-25.0	
    3.-ROBO CON VIOLENCIA E INTIMIDACIÓN (EU)	184.0	243.0	32.1	
    4.-ROBOS CON FUERZA EN DOMICILIOS (EU)	454.0	459.0	1.1	
    5.-SUSTRACCIÓN VEHÍCULOS A MOTOR (EU)	79.0	80.0	1.3	
    6.-TRÁFICO DE DROGAS (EU)	64.0	48.0	-25.0	
    7.-DAÑOS	1355.0	1355.0	0.0	
    8.-HURTOS	2999.0	2952.0	-1.6	
Provincia de HUESCA	
    1.-DELITOS Y FALTAS (EU)	1347.0	1274.0	-5.4	
    2.-HOMICIDIOS DOLOSOS Y ASESINATOS CONSUMADOS (EU)	0.0	0.0	0.0	
    3.-ROBO CON VIOLENCIA E INTIMIDACIÓN (EU)	6.0	18.0	200.0	
    4.-ROBOS CON FUERZA EN DOMICILIOS (EU)	47.0	61.0	29.8	
    5.-SUSTRACCIÓN VEHÍCULOS A MOTOR (EU)	12.0	13.0	8.3	
    6.-TRÁFICO DE DROGAS (EU)	9.0	8.0	-11.1	
    7.-DAÑOS	174.0	193.0	10.9	
    8.-HURTOS	392.0	336.0	-14.3	
- Municipio de Huesca	
    1.-DELITOS Y FALTAS (EU)	265.0	263.0	-0.8	
    2.-HOMICIDIOS DOLOSOS Y ASESINATOS CONSUMADOS (EU)	0.0	0.0	0.0	
    3.-ROBO CON VIOLENCIA E INTIMIDACIÓN (EU)	3.0	3.0	0.0	
    4.-ROBOS CON FUERZA EN DOMICILIOS (EU)	7.0	3.0	-57.1	
    5.-SUSTRACCIÓN VEHÍCULOS A MOTOR (EU)	1.0	2.0	100.0	
    6.-TRÁFICO DE DROGAS (EU)	3.0	3.0	0.0	
    7.-DAÑOS	40.0	35.0	-12.5	
    8.-HURTOS	76.0	92.0	21.1	
Provincia de TERUEL	
    1.-DELITOS Y FALTAS (EU)	586.0	536.0	-8.5	
    2.-HOMICIDIOS DOLOSOS Y ASESINATOS CONSUMADOS (EU)	2.0	0.0	-100.0	
    3.-ROBO CON VIOLENCIA E INTIMIDACIÓN (EU)	8.0	5.0	-37.5	
    4.-ROBOS CON FUERZA EN DOMICILIOS (EU)	46.0	35.0	-23.9	
    5.-SUSTRACCIÓN VEHÍCULOS A MOTOR (EU)	5.0	2.0	-60.0	
    6.-TRÁFICO DE DROGAS (EU)	3.0	4.0	33.3	
    7.-DAÑOS	96.0	63.0	-34.4	
    8.-HURTOS	115.0	119.0	3.5	
- Municipio de Teruel	
    1.-DELITOS Y FALTAS (EU)	161.0	151.0	-6.2	
    2.-HOMICIDIOS DOLOSOS Y ASESINATOS CONSUMADOS (EU)	1.0	0.0	-100.0	
    3.-ROBO CON VIOLENCIA E INTIMIDACIÓN (EU)	2.0	1.0	-50.0	
    4.-ROBOS CON FUERZA EN DOMICILIOS (EU)	10.0	6.0	-40.0	
    5.-SUSTRACCIÓN VEHÍCULOS A MOTOR (EU)	4.0	0.0	-100.0	
    6.-TRÁFICO DE DROGAS (EU)	2.0	3.0	50.0	
    7.-DAÑOS	22.0	18.0	-18.2	
    8.-HURTOS	42.0	47.0	11.9	
Provincia de ZARAGOZA	
    1.-DELITOS Y FALTAS (EU)	7569.0	7638.0	0.9	
    2.-HOMICIDIOS DOLOSOS Y ASESINATOS CONSUMADOS (EU)	2.0	3.0	50.0	
    3.-ROBO CON VIOLENCIA E INTIMIDACIÓN (EU)	170.0	220.0	29.4	
    4.-ROBOS CON FUERZA EN DOMICILIOS (EU)	361.0	363.0	0.6	
    5.-SUSTRACCIÓN VEHÍCULOS A MOTOR (EU)	62.0	65.0	4.8	
    6.-TRÁFICO DE DROGAS (EU)	52.0	36.0	-30.8	
    7.-DAÑOS	1085.0	1099.0	1.3	
    8.-HURTOS	2492.0	2497.0	0.2	
- Municipio de Zaragoza	
    1.-DELITOS Y FALTAS (EU)	5582.0	5712.0	2.3	
    2.-HOMICIDIOS DOLOSOS Y ASESINATOS CONSUMADOS (EU)	1.0	2.0	100.0	
    3.-ROBO CON VIOLENCIA E INTIMIDACIÓN (EU)	156.0	209.0	34.0	
    4.-ROBOS CON FUERZA EN DOMICILIOS (EU)	152.0	188.0	23.7	
    5.-SUSTRACCIÓN VEHÍCULOS A MOTOR (EU)	41.0	42.0	2.4	
    6.-TRÁFICO DE DROGAS (EU)	36.0	33.0	-8.3	
    7.-DAÑOS	759.0	782.0	3.0	
    8.-HURTOS	2081.0	2175.0	4.5	
ASTURIAS (PRINCIPADO DE)	
    1.-DELITOS Y FALTAS (EU)	6587.0	6324.0	-4.0	
    2.-HOMICIDIOS DOLOSOS Y ASESINATOS CONSUMADOS (EU)	0.0	3.0	100.0	
    3.-ROBO CON VIOLENCIA E INTIMIDACIÓN (EU)	167.0	152.0	-9.0	
    4.-ROBOS CON FUERZA EN DOMICILIOS (EU)	182.0	324.0	78.0	
    5.-SUSTRACCIÓN VEHÍCULOS A MOTOR (EU)	91.0	85.0	-6.6	
    6.-TRÁFICO DE DROGAS (EU)	37.0	14.0	-62.2	
    7.-DAÑOS	799.0	636.0	-20.4	
    8.-HURTOS	1915.0	1820.0	-5.0	
- Municipio de Avilés	
    1.-DELITOS Y FALTAS (EU)	496.0	606.0	22.2	
    2.-HOMICIDIOS DOLOSOS Y ASESINATOS CONSUMADOS (EU)	0.0	1.0	100.0	
    3.-ROBO CON VIOLENCIA E INTIMIDACIÓN (EU)	11.0	21.0	90.9	
    4.-ROBOS CON FUERZA EN DOMICILIOS (EU)	16.0	33.0	106.3	
    5.-SUSTRACCIÓN VEHÍCULOS A MOTOR (EU)	14.0	14.0	0.0	
    6.-TRÁFICO DE DROGAS (EU)	7.0	0.0	-100.0	
    7.-DAÑOS	61.0	85.0	39.3	
    8.-HURTOS	136.0	194.0	42.6	
- Municipio de Gijón	
    1.-DELITOS Y FALTAS (EU)	1673.0	1722.0	2.9	
    2.-HOMICIDIOS DOLOSOS Y ASESINATOS CONSUMADOS (EU)	0.0	1.0	100.0	
    3.-ROBO CON VIOLENCIA E INTIMIDACIÓN (EU)	68.0	41.0	-39.7	
    4.-ROBOS CON FUERZA EN DOMICILIOS (EU)	30.0	56.0	86.7	
    5.-SUSTRACCIÓN VEHÍCULOS A MOTOR (EU)	10.0	16.0	60.0	
    6.-TRÁFICO DE DROGAS (EU)	15.0	5.0	-66.7	
    7.-DAÑOS	193.0	153.0	-20.7	
    8.-HURTOS	457.0	537.0	17.5	
- Municipio de Oviedo	
    1.-DELITOS Y FALTAS (EU)	1886.0	1509.0	-20.0	
    2.-HOMICIDIOS DOLOSOS Y ASESINATOS CONSUMADOS (EU)	0.0	0.0	0.0	
    3.-ROBO CON VIOLENCIA E INTIMIDACIÓN (EU)	61.0	68.0	11.5	
    4.-ROBOS CON FUERZA EN DOMICILIOS (EU)	35.0	26.0	-25.7	
    5.-SUSTRACCIÓN VEHÍCULOS A MOTOR (EU)	34.0	12.0	-64.7	
    6.-TRÁFICO DE DROGAS (EU)	5.0	1.0	-80.0	
    7.-DAÑOS	171.0	124.0	-27.5	
    8.-HURTOS	796.0	566.0	-28.9	
- Municipio de Siero	
    1.-DELITOS Y FALTAS (EU)	383.0	372.0	-2.9	
    2.-HOMICIDIOS DOLOSOS Y ASESINATOS CONSUMADOS (EU)	0.0	0.0	0.0	
    3.-ROBO CON VIOLENCIA E INTIMIDACIÓN (EU)	6.0	3.0	-50.0	
    4.-ROBOS CON FUERZA EN DOMICILIOS (EU)	12.0	26.0	116.7	
    5.-SUSTRACCIÓN VEHÍCULOS A MOTOR (EU)	3.0	7.0	133.3	
    6.-TRÁFICO DE DROGAS (EU)	0.0	0.0	0.0	
    7.-DAÑOS	50.0	33.0	-34.0	
    8.-HURTOS	121.0	134.0	10.7	
BALEARS (ILLES)	
    1.-DELITOS Y FALTAS (EU)	11346.0	11473.0	1.1	
    2.-HOMICIDIOS DOLOSOS Y ASESINATOS CONSUMADOS (EU)	1.0	2.0	100.0	
    3.-ROBO CON VIOLENCIA E INTIMIDACIÓN (EU)	133.0	156.0	17.3	
    4.-ROBOS CON FUERZA EN DOMICILIOS (EU)	694.0	641.0	-7.6	
    5.-SUSTRACCIÓN VEHÍCULOS A MOTOR (EU)	262.0	335.0	27.9	
    6.-TRÁFICO DE DROGAS (EU)	54.0	64.0	18.5	
    7.-DAÑOS	1107.0	1043.0	-5.8	
    8.-HURTOS	3414.0	3552.0	4.0	
- Isla de Eivissa	
    1.-DELITOS Y FALTAS (EU)	1565.0	1626.0	3.9	
    2.-HOMICIDIOS DOLOSOS Y ASESINATOS CONSUMADOS (EU)	0.0	0.0	0.0	
    3.-ROBO CON VIOLENCIA E INTIMIDACIÓN (EU)	13.0	20.0	53.8	
    4.-ROBOS CON FUERZA EN DOMICILIOS (EU)	87.0	83.0	-4.6	
    5.-SUSTRACCIÓN VEHÍCULOS A MOTOR (EU)	57.0	87.0	52.6	
    6.-TRÁFICO DE DROGAS (EU)	13.0	21.0	61.5	
    7.-DAÑOS	143.0	131.0	-8.4	
    8.-HURTOS	454.0	452.0	-0.4	
- Municipio de Eivissa	
    1.-DELITOS Y FALTAS (EU)	549.0	570.0	3.8	
    2.-HOMICIDIOS DOLOSOS Y ASESINATOS CONSUMADOS (EU)	0.0	0.0	0.0	
    3.-ROBO CON VIOLENCIA E INTIMIDACIÓN (EU)	7.0	9.0	28.6	
    4.-ROBOS CON FUERZA EN DOMICILIOS (EU)	12.0	7.0	-41.7	
    5.-SUSTRACCIÓN VEHÍCULOS A MOTOR (EU)	21.0	37.0	76.2	
    6.-TRÁFICO DE DROGAS (EU)	11.0	13.0	18.2	
    7.-DAÑOS	40.0	48.0	20.0	
    8.-HURTOS	175.0	197.0	12.6	
- Isla de Formentera	
    1.-DELITOS Y FALTAS (EU)	82.0	113.0	37.8	
    2.-HOMICIDIOS DOLOSOS Y ASESINATOS CONSUMADOS (EU)	0.0	0.0	0.0	
    3.-ROBO CON VIOLENCIA E INTIMIDACIÓN (EU)	0.0	0.0	0.0	
    4.-ROBOS CON FUERZA EN DOMICILIOS (EU)	9.0	22.0	144.4	
    5.-SUSTRACCIÓN VEHÍCULOS A MOTOR (EU)	6.0	13.0	116.7	
    6.-TRÁFICO DE DROGAS (EU)	0.0	2.0	100.0	
    7.-DAÑOS	14.0	20.0	42.9	
    8.-HURTOS	14.0	13.0	-7.1	
- Isla de Mallorca	
    1.-DELITOS Y FALTAS (EU)	9162.0	9130.0	-0.3	
    2.-HOMICIDIOS DOLOSOS Y ASESINATOS CONSUMADOS (EU)	1.0	2.0	100.0	
    3.-ROBO CON VIOLENCIA E INTIMIDACIÓN (EU)	115.0	129.0	12.2	
    4.-ROBOS CON FUERZA EN DOMICILIOS (EU)	574.0	493.0	-14.1	
    5.-SUSTRACCIÓN VEHÍCULOS A MOTOR (EU)	194.0	230.0	18.6	
    6.-TRÁFICO DE DROGAS (EU)	39.0	37.0	-5.1	
    7.-DAÑOS	873.0	827.0	-5.3	
    8.-HURTOS	2805.0	2937.0	4.7	
- Municipio de Calvià	
    1.-DELITOS Y FALTAS (EU)	565.0	566.0	0.2	
    2.-HOMICIDIOS DOLOSOS Y ASESINATOS CONSUMADOS (EU)	0.0	1.0	100.0	
    3.-ROBO CON VIOLENCIA E INTIMIDACIÓN (EU)	2.0	2.0	0.0	
    4.-ROBOS CON FUERZA EN DOMICILIOS (EU)	40.0	49.0	22.5	
    5.-SUSTRACCIÓN VEHÍCULOS A MOTOR (EU)	5.0	7.0	40.0	
    6.-TRÁFICO DE DROGAS (EU)	3.0	4.0	33.3	
    7.-DAÑOS	56.0	52.0	-7.1	
    8.-HURTOS	146.0	145.0	-0.7	
- Municipio de Palma	
    1.-DELITOS Y FALTAS (EU)	5406.0	5324.0	-1.5	
    2.-HOMICIDIOS DOLOSOS Y ASESINATOS CONSUMADOS (EU)	1.0	0.0	-100.0	
    3.-ROBO CON VIOLENCIA E INTIMIDACIÓN (EU)	92.0	103.0	12.0	
    4.-ROBOS CON FUERZA EN DOMICILIOS (EU)	175.0	121.0	-30.9	
    5.-SUSTRACCIÓN VEHÍCULOS A MOTOR (EU)	146.0	137.0	-6.2	
    6.-TRÁFICO DE DROGAS (EU)	18.0	18.0	0.0	
    7.-DAÑOS	471.0	435.0	-7.6	
    8.-HURTOS	1861.0	1971.0	5.9	
- Isla de Menorca	
    1.-DELITOS Y FALTAS (EU)	537.0	604.0	12.5	
    2.-HOMICIDIOS DOLOSOS Y ASESINATOS CONSUMADOS (EU)	0.0	0.0	0.0	
    3.-ROBO CON VIOLENCIA E INTIMIDACIÓN (EU)	5.0	7.0	40.0	
    4.-ROBOS CON FUERZA EN DOMICILIOS (EU)	24.0	43.0	79.2	
    5.-SUSTRACCIÓN VEHÍCULOS A MOTOR (EU)	5.0	5.0	0.0	
    6.-TRÁFICO DE DROGAS (EU)	2.0	4.0	100.0	
    7.-DAÑOS	77.0	65.0	-15.6	
    8.-HURTOS	141.0	150.0	6.4	
CANARIAS	
    1.-DELITOS Y FALTAS (EU)	23570.0	22906.0	-2.8	
    2.-HOMICIDIOS DOLOSOS Y ASESINATOS CONSUMADOS (EU)	6.0	3.0	-50.0	
    3.-ROBO CON VIOLENCIA E INTIMIDACIÓN (EU)	405.0	411.0	1.5	
    4.-ROBOS CON FUERZA EN DOMICILIOS (EU)	883.0	903.0	2.3	
    5.-SUSTRACCIÓN VEHÍCULOS A MOTOR (EU)	382.0	425.0	11.3	
    6.-TRÁFICO DE DROGAS (EU)	151.0	136.0	-9.9	
    7.-DAÑOS	1817.0	1786.0	-1.7	
    8.-HURTOS	8799.0	8983.0	2.1	
Provincia de PALMAS (LAS)	
    1.-DELITOS Y FALTAS (EU)	12159.0	12034.0	-1.0	
    2.-HOMICIDIOS DOLOSOS Y ASESINATOS CONSUMADOS (EU)	5.0	2.0	-60.0	
    3.-ROBO CON VIOLENCIA E INTIMIDACIÓN (EU)	189.0	223.0	18.0	
    4.-ROBOS CON FUERZA EN DOMICILIOS (EU)	379.0	418.0	10.3	
    5.-SUSTRACCIÓN VEHÍCULOS A MOTOR (EU)	199.0	231.0	16.1	
    6.-TRÁFICO DE DROGAS (EU)	91.0	98.0	7.7	
    7.-DAÑOS	1020.0	1010.0	-1.0	
    8.-HURTOS	4104.0	4349.0	6.0	
- Isla de Fuerteventura	
    1.-DELITOS Y FALTAS (EU)	1192.0	1206.0	1.2	
    2.-HOMICIDIOS DOLOSOS Y ASESINATOS CONSUMADOS (EU)	1.0	1.0	0.0	
    3.-ROBO CON VIOLENCIA E INTIMIDACIÓN (EU)	15.0	24.0	60.0	
    4.-ROBOS CON FUERZA EN DOMICILIOS (EU)	52.0	68.0	30.8	
    5.-SUSTRACCIÓN VEHÍCULOS A MOTOR (EU)	22.0	11.0	-50.0	
    6.-TRÁFICO DE DROGAS (EU)	8.0	10.0	25.0	
    7.-DAÑOS	111.0	124.0	11.7	
    8.-HURTOS	355.0	377.0	6.2	
- Isla de Gran Canaria	
    1.-DELITOS Y FALTAS (EU)	9369.0	9141.0	-2.4	
    2.-HOMICIDIOS DOLOSOS Y ASESINATOS CONSUMADOS (EU)	2.0	1.0	-50.0	
    3.-ROBO CON VIOLENCIA E INTIMIDACIÓN (EU)	152.0	168.0	10.5	
    4.-ROBOS CON FUERZA EN DOMICILIOS (EU)	229.0	249.0	8.7	
    5.-SUSTRACCIÓN VEHÍCULOS A MOTOR (EU)	156.0	188.0	20.5	
    6.-TRÁFICO DE DROGAS (EU)	77.0	78.0	1.3	
    7.-DAÑOS	753.0	728.0	-3.3	
    8.-HURTOS	3281.0	3422.0	4.3	
- Municipio de Palmas de Gran Canaria (Las)	
    1.-DELITOS Y FALTAS (EU)	4261.0	4339.0	1.8	
    2.-HOMICIDIOS DOLOSOS Y ASESINATOS CONSUMADOS (EU)	1.0	0.0	-100.0	
    3.-ROBO CON VIOLENCIA E INTIMIDACIÓN (EU)	94.0	96.0	2.1	
    4.-ROBOS CON FUERZA EN DOMICILIOS (EU)	84.0	100.0	19.0	
    5.-SUSTRACCIÓN VEHÍCULOS A MOTOR (EU)	83.0	102.0	22.9	
    6.-TRÁFICO DE DROGAS (EU)	53.0	57.0	7.5	
    7.-DAÑOS	323.0	331.0	2.5	
    8.-HURTOS	1683.0	1718.0	2.1	
- Municipio de San Bartolomé de Tirajana	
    1.-DELITOS Y FALTAS (EU)	1300.0	1320.0	1.5	
    2.-HOMICIDIOS DOLOSOS Y ASESINATOS CONSUMADOS (EU)	1.0	0.0	-100.0	
    3.-ROBO CON VIOLENCIA E INTIMIDACIÓN (EU)	29.0	31.0	6.9	
    4.-ROBOS CON FUERZA EN DOMICILIOS (EU)	17.0	30.0	76.5	
    5.-SUSTRACCIÓN VEHÍCULOS A MOTOR (EU)	15.0	21.0	40.0	
    6.-TRÁFICO DE DROGAS (EU)	7.0	7.0	0.0	
    7.-DAÑOS	81.0	71.0	-12.3	
    8.-HURTOS	644.0	658.0	2.2	
- Municipio de Santa Lucía de Tirajana	
    1.-DELITOS Y FALTAS (EU)	744.0	677.0	-9.0	
    2.-HOMICIDIOS DOLOSOS Y ASESINATOS CONSUMADOS (EU)	0.0	0.0	0.0	
    3.-ROBO CON VIOLENCIA E INTIMIDACIÓN (EU)	6.0	13.0	116.7	
    4.-ROBOS CON FUERZA EN DOMICILIOS (EU)	34.0	21.0	-38.2	
    5.-SUSTRACCIÓN VEHÍCULOS A MOTOR (EU)	13.0	11.0	-15.4	
    6.-TRÁFICO DE DROGAS (EU)	3.0	3.0	0.0	
    7.-DAÑOS	68.0	51.0	-25.0	
    8.-HURTOS	196.0	209.0	6.6	
- Municipio de Telde	
    1.-DELITOS Y FALTAS (EU)	1185.0	1102.0	-7.0	
    2.-HOMICIDIOS DOLOSOS Y ASESINATOS CONSUMADOS (EU)	0.0	0.0	0.0	
    3.-ROBO CON VIOLENCIA E INTIMIDACIÓN (EU)	13.0	17.0	30.8	
    4.-ROBOS CON FUERZA EN DOMICILIOS (EU)	32.0	18.0	-43.8	
    5.-SUSTRACCIÓN VEHÍCULOS A MOTOR (EU)	26.0	34.0	30.8	
    6.-TRÁFICO DE DROGAS (EU)	7.0	6.0	-14.3	
    7.-DAÑOS	96.0	106.0	10.4	
    8.-HURTOS	292.0	281.0	-3.8	
- Isla de Lanzarote	
    1.-DELITOS Y FALTAS (EU)	1598.0	1687.0	5.6	
    2.-HOMICIDIOS DOLOSOS Y ASESINATOS CONSUMADOS (EU)	2.0	0.0	-100.0	
    3.-ROBO CON VIOLENCIA E INTIMIDACIÓN (EU)	22.0	31.0	40.9	
    4.-ROBOS CON FUERZA EN DOMICILIOS (EU)	98.0	101.0	3.1	
    5.-SUSTRACCIÓN VEHÍCULOS A MOTOR (EU)	21.0	32.0	52.4	
    6.-TRÁFICO DE DROGAS (EU)	6.0	10.0	66.7	
    7.-DAÑOS	156.0	158.0	1.3	
    8.-HURTOS	468.0	550.0	17.5	
- Municipio de Arrecife	
    1.-DELITOS Y FALTAS (EU)	497.0	622.0	25.2	
    2.-HOMICIDIOS DOLOSOS Y ASESINATOS CONSUMADOS (EU)	2.0	0.0	-100.0	
    3.-ROBO CON VIOLENCIA E INTIMIDACIÓN (EU)	9.0	10.0	11.1	
    4.-ROBOS CON FUERZA EN DOMICILIOS (EU)	18.0	20.0	11.1	
    5.-SUSTRACCIÓN VEHÍCULOS A MOTOR (EU)	9.0	12.0	33.3	
    6.-TRÁFICO DE DROGAS (EU)	3.0	6.0	100.0	
    7.-DAÑOS	67.0	79.0	17.9	
    8.-HURTOS	120.0	165.0	37.5	
Provincia de SANTA CRUZ DE TENERIFE	
    1.-DELITOS Y FALTAS (EU)	11411.0	10872.0	-4.7	
    2.-HOMICIDIOS DOLOSOS Y ASESINATOS CONSUMADOS (EU)	1.0	1.0	0.0	
    3.-ROBO CON VIOLENCIA E INTIMIDACIÓN (EU)	216.0	188.0	-13.0	
    4.-ROBOS CON FUERZA EN DOMICILIOS (EU)	504.0	485.0	-3.8	
    5.-SUSTRACCIÓN VEHÍCULOS A MOTOR (EU)	183.0	194.0	6.0	
    6.-TRÁFICO DE DROGAS (EU)	60.0	38.0	-36.7	
    7.-DAÑOS	797.0	776.0	-2.6	
    8.-HURTOS	4695.0	4634.0	-1.3	
- Isla de Gomera (La)	
    1.-DELITOS Y FALTAS (EU)	75.0	78.0	4.0	
    2.-HOMICIDIOS DOLOSOS Y ASESINATOS CONSUMADOS (EU)	0.0	0.0	0.0	
    3.-ROBO CON VIOLENCIA E INTIMIDACIÓN (EU)	0.0	1.0	100.0	
    4.-ROBOS CON FUERZA EN DOMICILIOS (EU)	2.0	3.0	50.0	
    5.-SUSTRACCIÓN VEHÍCULOS A MOTOR (EU)	1.0	2.0	100.0	
    6.-TRÁFICO DE DROGAS (EU)	1.0	3.0	200.0	
    7.-DAÑOS	15.0	14.0	-6.7	
    8.-HURTOS	14.0	12.0	-14.3	
- Isla de Hierro (El)	
    1.-DELITOS Y FALTAS (EU)	37.0	38.0	2.7	
    2.-HOMICIDIOS DOLOSOS Y ASESINATOS CONSUMADOS (EU)	0.0	0.0	0.0	
    3.-ROBO CON VIOLENCIA E INTIMIDACIÓN (EU)	0.0	0.0	0.0	
    4.-ROBOS CON FUERZA EN DOMICILIOS (EU)	3.0	1.0	-66.7	
    5.-SUSTRACCIÓN VEHÍCULOS A MOTOR (EU)	0.0	0.0	0.0	
    6.-TRÁFICO DE DROGAS (EU)	0.0	0.0	0.0	
    7.-DAÑOS	5.0	6.0	20.0	
    8.-HURTOS	13.0	3.0	-76.9	
- Isla de Palma (La)	
    1.-DELITOS Y FALTAS (EU)	471.0	530.0	12.5	
    2.-HOMICIDIOS DOLOSOS Y ASESINATOS CONSUMADOS (EU)	0.0	0.0	0.0	
    3.-ROBO CON VIOLENCIA E INTIMIDACIÓN (EU)	2.0	1.0	-50.0	
    4.-ROBOS CON FUERZA EN DOMICILIOS (EU)	28.0	42.0	50.0	
    5.-SUSTRACCIÓN VEHÍCULOS A MOTOR (EU)	5.0	9.0	80.0	
    6.-TRÁFICO DE DROGAS (EU)	2.0	2.0	0.0	
    7.-DAÑOS	52.0	49.0	-5.8	
    8.-HURTOS	126.0	156.0	23.8	
- Isla de Tenerife	
    1.-DELITOS Y FALTAS (EU)	10828.0	10226.0	-5.6	
    2.-HOMICIDIOS DOLOSOS Y ASESINATOS CONSUMADOS (EU)	1.0	1.0	0.0	
    3.-ROBO CON VIOLENCIA E INTIMIDACIÓN (EU)	214.0	186.0	-13.1	
    4.-ROBOS CON FUERZA EN DOMICILIOS (EU)	471.0	439.0	-6.8	
    5.-SUSTRACCIÓN VEHÍCULOS A MOTOR (EU)	177.0	183.0	3.4	
    6.-TRÁFICO DE DROGAS (EU)	57.0	33.0	-42.1	
    7.-DAÑOS	725.0	707.0	-2.5	
    8.-HURTOS	4542.0	4463.0	-1.7	
- Municipio de Arona	
    1.-DELITOS Y FALTAS (EU)	1533.0	1397.0	-8.9	
    2.-HOMICIDIOS DOLOSOS Y ASESINATOS CONSUMADOS (EU)	0.0	0.0	0.0	
    3.-ROBO CON VIOLENCIA E INTIMIDACIÓN (EU)	42.0	36.0	-14.3	
    4.-ROBOS CON FUERZA EN DOMICILIOS (EU)	67.0	84.0	25.4	
    5.-SUSTRACCIÓN VEHÍCULOS A MOTOR (EU)	23.0	23.0	0.0	
    6.-TRÁFICO DE DROGAS (EU)	7.0	7.0	0.0	
    7.-DAÑOS	74.0	85.0	14.9	
    8.-HURTOS	764.0	679.0	-11.1	
- Municipio de San Cristóbal de la Laguna	
    1.-DELITOS Y FALTAS (EU)	1417.0	1374.0	-3.0	
    2.-HOMICIDIOS DOLOSOS Y ASESINATOS CONSUMADOS (EU)	0.0	0.0	0.0	
    3.-ROBO CON VIOLENCIA E INTIMIDACIÓN (EU)	37.0	31.0	-16.2	
    4.-ROBOS CON FUERZA EN DOMICILIOS (EU)	66.0	52.0	-21.2	
    5.-SUSTRACCIÓN VEHÍCULOS A MOTOR (EU)	43.0	28.0	-34.9	
    6.-TRÁFICO DE DROGAS (EU)	14.0	8.0	-42.9	
    7.-DAÑOS	120.0	121.0	0.8	
    8.-HURTOS	434.0	450.0	3.7	
- Municipio de Santa Cruz de Tenerife	
    1.-DELITOS Y FALTAS (EU)	3119.0	2380.0	-23.7	
    2.-HOMICIDIOS DOLOSOS Y ASESINATOS CONSUMADOS (EU)	0.0	0.0	0.0	
    3.-ROBO CON VIOLENCIA E INTIMIDACIÓN (EU)	72.0	51.0	-29.2	
    4.-ROBOS CON FUERZA EN DOMICILIOS (EU)	99.0	86.0	-13.1	
    5.-SUSTRACCIÓN VEHÍCULOS A MOTOR (EU)	44.0	56.0	27.3	
    6.-TRÁFICO DE DROGAS (EU)	16.0	7.0	-56.3	
    7.-DAÑOS	208.0	216.0	3.8	
    8.-HURTOS	1323.0	969.0	-26.8	
CANTABRIA	
    1.-DELITOS Y FALTAS (EU)	3946.0	4083.0	3.5	
    2.-HOMICIDIOS DOLOSOS Y ASESINATOS CONSUMADOS (EU)	0.0	0.0	0.0	
    3.-ROBO CON VIOLENCIA E INTIMIDACIÓN (EU)	57.0	47.0	-17.5	
    4.-ROBOS CON FUERZA EN DOMICILIOS (EU)	170.0	280.0	64.7	
    5.-SUSTRACCIÓN VEHÍCULOS A MOTOR (EU)	62.0	50.0	-19.4	
    6.-TRÁFICO DE DROGAS (EU)	32.0	15.0	-53.1	
    7.-DAÑOS	417.0	482.0	15.6	
    8.-HURTOS	1249.0	1151.0	-7.8	
- Municipio de Santander	
    1.-DELITOS Y FALTAS (EU)	1530.0	1434.0	-6.3	
    2.-HOMICIDIOS DOLOSOS Y ASESINATOS CONSUMADOS (EU)	0.0	0.0	0.0	
    3.-ROBO CON VIOLENCIA E INTIMIDACIÓN (EU)	38.0	23.0	-39.5	
    4.-ROBOS CON FUERZA EN DOMICILIOS (EU)	41.0	40.0	-2.4	
    5.-SUSTRACCIÓN VEHÍCULOS A MOTOR (EU)	28.0	7.0	-75.0	
    6.-TRÁFICO DE DROGAS (EU)	11.0	2.0	-81.8	
    7.-DAÑOS	139.0	151.0	8.6	
    8.-HURTOS	661.0	525.0	-20.6	
- Municipio de Torrelavega	
    1.-DELITOS Y FALTAS (EU)	377.0	419.0	11.1	
    2.-HOMICIDIOS DOLOSOS Y ASESINATOS CONSUMADOS (EU)	0.0	0.0	0.0	
    3.-ROBO CON VIOLENCIA E INTIMIDACIÓN (EU)	4.0	8.0	100.0	
    4.-ROBOS CON FUERZA EN DOMICILIOS (EU)	24.0	16.0	-33.3	
    5.-SUSTRACCIÓN VEHÍCULOS A MOTOR (EU)	2.0	4.0	100.0	
    6.-TRÁFICO DE DROGAS (EU)	1.0	0.0	-100.0	
    7.-DAÑOS	34.0	35.0	2.9	
    8.-HURTOS	125.0	164.0	31.2	
CASTILLA Y LEÓN	
    1.-DELITOS Y FALTAS (EU)	18271.0	17945.0	-1.8	
    2.-HOMICIDIOS DOLOSOS Y ASESINATOS CONSUMADOS (EU)	4.0	0.0	-100.0	
    3.-ROBO CON VIOLENCIA E INTIMIDACIÓN (EU)	212.0	220.0	3.8	
    4.-ROBOS CON FUERZA EN DOMICILIOS (EU)	979.0	1039.0	6.1	
    5.-SUSTRACCIÓN VEHÍCULOS A MOTOR (EU)	201.0	221.0	10.0	
    6.-TRÁFICO DE DROGAS (EU)	69.0	64.0	-7.2	
    7.-DAÑOS	2685.0	2614.0	-2.6	
    8.-HURTOS	5709.0	5683.0	-0.5	
Provincia de ÁVILA	
    1.-DELITOS Y FALTAS (EU)	1157.0	1215.0	5.0	
    2.-HOMICIDIOS DOLOSOS Y ASESINATOS CONSUMADOS (EU)	1.0	0.0	-100.0	
    3.-ROBO CON VIOLENCIA E INTIMIDACIÓN (EU)	16.0	7.0	-56.3	
    4.-ROBOS CON FUERZA EN DOMICILIOS (EU)	126.0	145.0	15.1	
    5.-SUSTRACCIÓN VEHÍCULOS A MOTOR (EU)	8.0	5.0	-37.5	
    6.-TRÁFICO DE DROGAS (EU)	6.0	5.0	-16.7	
    7.-DAÑOS	196.0	220.0	12.2	
    8.-HURTOS	220.0	195.0	-11.4	
- Municipio de Ávila	
    1.-DELITOS Y FALTAS (EU)	380.0	424.0	11.6	
    2.-HOMICIDIOS DOLOSOS Y ASESINATOS CONSUMADOS (EU)	0.0	0.0	0.0	
    3.-ROBO CON VIOLENCIA E INTIMIDACIÓN (EU)	6.0	2.0	-66.7	
    4.-ROBOS CON FUERZA EN DOMICILIOS (EU)	18.0	7.0	-61.1	
    5.-SUSTRACCIÓN VEHÍCULOS A MOTOR (EU)	2.0	2.0	0.0	
    6.-TRÁFICO DE DROGAS (EU)	2.0	2.0	0.0	
    7.-DAÑOS	64.0	72.0	12.5	
    8.-HURTOS	105.0	92.0	-12.4	
Provincia de BURGOS	
    1.-DELITOS Y FALTAS (EU)	2585.0	2649.0	2.5	
    2.-HOMICIDIOS DOLOSOS Y ASESINATOS CONSUMADOS (EU)	0.0	0.0	0.0	
    3.-ROBO CON VIOLENCIA E INTIMIDACIÓN (EU)	38.0	45.0	18.4	
    4.-ROBOS CON FUERZA EN DOMICILIOS (EU)	105.0	113.0	7.6	
    5.-SUSTRACCIÓN VEHÍCULOS A MOTOR (EU)	25.0	42.0	68.0	
    6.-TRÁFICO DE DROGAS (EU)	10.0	14.0	40.0	
    7.-DAÑOS	408.0	378.0	-7.4	
    8.-HURTOS	873.0	870.0	-0.3	
- Municipio de Burgos	
    1.-DELITOS Y FALTAS (EU)	1457.0	1411.0	-3.2	
    2.-HOMICIDIOS DOLOSOS Y ASESINATOS CONSUMADOS (EU)	0.0	0.0	0.0	
    3.-ROBO CON VIOLENCIA E INTIMIDACIÓN (EU)	31.0	35.0	12.9	
    4.-ROBOS CON FUERZA EN DOMICILIOS (EU)	29.0	25.0	-13.8	
    5.-SUSTRACCIÓN VEHÍCULOS A MOTOR (EU)	9.0	19.0	111.1	
    6.-TRÁFICO DE DROGAS (EU)	7.0	6.0	-14.3	
    7.-DAÑOS	218.0	164.0	-24.8	
    8.-HURTOS	622.0	619.0	-0.5	
Provincia de LEÓN	
    1.-DELITOS Y FALTAS (EU)	3813.0	3652.0	-4.2	
    2.-HOMICIDIOS DOLOSOS Y ASESINATOS CONSUMADOS (EU)	1.0	0.0	-100.0	
    3.-ROBO CON VIOLENCIA E INTIMIDACIÓN (EU)	39.0	73.0	87.2	
    4.-ROBOS CON FUERZA EN DOMICILIOS (EU)	249.0	278.0	11.6	
    5.-SUSTRACCIÓN VEHÍCULOS A MOTOR (EU)	60.0	64.0	6.7	
    6.-TRÁFICO DE DROGAS (EU)	10.0	8.0	-20.0	
    7.-DAÑOS	608.0	515.0	-15.3	
    8.-HURTOS	1131.0	1123.0	-0.7	
- Municipio de León	
    1.-DELITOS Y FALTAS (EU)	1518.0	1515.0	-0.2	
    2.-HOMICIDIOS DOLOSOS Y ASESINATOS CONSUMADOS (EU)	1.0	0.0	-100.0	
    3.-ROBO CON VIOLENCIA E INTIMIDACIÓN (EU)	27.0	52.0	92.6	
    4.-ROBOS CON FUERZA EN DOMICILIOS (EU)	36.0	42.0	16.7	
    5.-SUSTRACCIÓN VEHÍCULOS A MOTOR (EU)	30.0	26.0	-13.3	
    6.-TRÁFICO DE DROGAS (EU)	2.0	3.0	50.0	
    7.-DAÑOS	230.0	204.0	-11.3	
    8.-HURTOS	580.0	621.0	7.1	
- Municipio de Ponferrada	
    1.-DELITOS Y FALTAS (EU)	590.0	469.0	-20.5	
    2.-HOMICIDIOS DOLOSOS Y ASESINATOS CONSUMADOS (EU)	0.0	0.0	0.0	
    3.-ROBO CON VIOLENCIA E INTIMIDACIÓN (EU)	5.0	2.0	-60.0	
    4.-ROBOS CON FUERZA EN DOMICILIOS (EU)	23.0	21.0	-8.7	
    5.-SUSTRACCIÓN VEHÍCULOS A MOTOR (EU)	8.0	11.0	37.5	
    6.-TRÁFICO DE DROGAS (EU)	4.0	2.0	-50.0	
    7.-DAÑOS	99.0	70.0	-29.3	
    8.-HURTOS	202.0	157.0	-22.3	
Provincia de PALENCIA	
    1.-DELITOS Y FALTAS (EU)	904.0	909.0	0.6	
    2.-HOMICIDIOS DOLOSOS Y ASESINATOS CONSUMADOS (EU)	0.0	0.0	0.0	
    3.-ROBO CON VIOLENCIA E INTIMIDACIÓN (EU)	6.0	3.0	-50.0	
    4.-ROBOS CON FUERZA EN DOMICILIOS (EU)	55.0	52.0	-5.5	
    5.-SUSTRACCIÓN VEHÍCULOS A MOTOR (EU)	6.0	15.0	150.0	
    6.-TRÁFICO DE DROGAS (EU)	4.0	2.0	-50.0	
    7.-DAÑOS	154.0	146.0	-5.2	
    8.-HURTOS	223.0	251.0	12.6	
- Municipio de Palencia	
    1.-DELITOS Y FALTAS (EU)	496.0	491.0	-1.0	
    2.-HOMICIDIOS DOLOSOS Y ASESINATOS CONSUMADOS (EU)	0.0	0.0	0.0	
    3.-ROBO CON VIOLENCIA E INTIMIDACIÓN (EU)	4.0	2.0	-50.0	
    4.-ROBOS CON FUERZA EN DOMICILIOS (EU)	24.0	17.0	-29.2	
    5.-SUSTRACCIÓN VEHÍCULOS A MOTOR (EU)	5.0	5.0	0.0	
    6.-TRÁFICO DE DROGAS (EU)	1.0	1.0	0.0	
    7.-DAÑOS	103.0	83.0	-19.4	
    8.-HURTOS	146.0	181.0	24.0	
Provincia de SALAMANCA	
    1.-DELITOS Y FALTAS (EU)	2449.0	2478.0	1.2	
    2.-HOMICIDIOS DOLOSOS Y ASESINATOS CONSUMADOS (EU)	2.0	0.0	-100.0	
    3.-ROBO CON VIOLENCIA E INTIMIDACIÓN (EU)	53.0	40.0	-24.5	
    4.-ROBOS CON FUERZA EN DOMICILIOS (EU)	105.0	71.0	-32.4	
    5.-SUSTRACCIÓN VEHÍCULOS A MOTOR (EU)	33.0	37.0	12.1	
    6.-TRÁFICO DE DROGAS (EU)	13.0	7.0	-46.2	
    7.-DAÑOS	297.0	288.0	-3.0	
    8.-HURTOS	835.0	1045.0	25.1	
- Municipio de Salamanca	
    1.-DELITOS Y FALTAS (EU)	1410.0	1464.0	3.8	
    2.-HOMICIDIOS DOLOSOS Y ASESINATOS CONSUMADOS (EU)	1.0	0.0	-100.0	
    3.-ROBO CON VIOLENCIA E INTIMIDACIÓN (EU)	44.0	29.0	-34.1	
    4.-ROBOS CON FUERZA EN DOMICILIOS (EU)	24.0	15.0	-37.5	
    5.-SUSTRACCIÓN VEHÍCULOS A MOTOR (EU)	21.0	23.0	9.5	
    6.-TRÁFICO DE DROGAS (EU)	7.0	3.0	-57.1	
    7.-DAÑOS	155.0	137.0	-11.6	
    8.-HURTOS	594.0	791.0	33.2	
Provincia de SEGOVIA	
    1.-DELITOS Y FALTAS (EU)	1073.0	1080.0	0.7	
    2.-HOMICIDIOS DOLOSOS Y ASESINATOS CONSUMADOS (EU)	0.0	0.0	0.0	
    3.-ROBO CON VIOLENCIA E INTIMIDACIÓN (EU)	7.0	10.0	42.9	
    4.-ROBOS CON FUERZA EN DOMICILIOS (EU)	93.0	123.0	32.3	
    5.-SUSTRACCIÓN VEHÍCULOS A MOTOR (EU)	8.0	8.0	0.0	
    6.-TRÁFICO DE DROGAS (EU)	6.0	7.0	16.7	
    7.-DAÑOS	147.0	170.0	15.6	
    8.-HURTOS	283.0	228.0	-19.4	
- Municipio de Segovia	
    1.-DELITOS Y FALTAS (EU)	437.0	394.0	-9.8	
    2.-HOMICIDIOS DOLOSOS Y ASESINATOS CONSUMADOS (EU)	0.0	0.0	0.0	
    3.-ROBO CON VIOLENCIA E INTIMIDACIÓN (EU)	5.0	4.0	-20.0	
    4.-ROBOS CON FUERZA EN DOMICILIOS (EU)	14.0	6.0	-57.1	
    5.-SUSTRACCIÓN VEHÍCULOS A MOTOR (EU)	3.0	1.0	-66.7	
    6.-TRÁFICO DE DROGAS (EU)	1.0	0.0	-100.0	
    7.-DAÑOS	76.0	61.0	-19.7	
    8.-HURTOS	153.0	137.0	-10.5	
Provincia de SORIA	
    1.-DELITOS Y FALTAS (EU)	545.0	596.0	9.4	
    2.-HOMICIDIOS DOLOSOS Y ASESINATOS CONSUMADOS (EU)	0.0	0.0	0.0	
    3.-ROBO CON VIOLENCIA E INTIMIDACIÓN (EU)	5.0	12.0	140.0	
    4.-ROBOS CON FUERZA EN DOMICILIOS (EU)	18.0	40.0	122.2	
    5.-SUSTRACCIÓN VEHÍCULOS A MOTOR (EU)	1.0	6.0	500.0	
    6.-TRÁFICO DE DROGAS (EU)	4.0	3.0	-25.0	
    7.-DAÑOS	69.0	96.0	39.1	
    8.-HURTOS	157.0	125.0	-20.4	
- Municipio de Soria	
    1.-DELITOS Y FALTAS (EU)	321.0	319.0	-0.6	
    2.-HOMICIDIOS DOLOSOS Y ASESINATOS CONSUMADOS (EU)	0.0	0.0	0.0	
    3.-ROBO CON VIOLENCIA E INTIMIDACIÓN (EU)	2.0	8.0	300.0	
    4.-ROBOS CON FUERZA EN DOMICILIOS (EU)	5.0	15.0	200.0	
    5.-SUSTRACCIÓN VEHÍCULOS A MOTOR (EU)	1.0	4.0	300.0	
    6.-TRÁFICO DE DROGAS (EU)	3.0	3.0	0.0	
    7.-DAÑOS	38.0	42.0	10.5	
    8.-HURTOS	107.0	83.0	-22.4	
Provincia de VALLADOLID	
    1.-DELITOS Y FALTAS (EU)	4636.0	4262.0	-8.1	
    2.-HOMICIDIOS DOLOSOS Y ASESINATOS CONSUMADOS (EU)	0.0	0.0	0.0	
    3.-ROBO CON VIOLENCIA E INTIMIDACIÓN (EU)	38.0	22.0	-42.1	
    4.-ROBOS CON FUERZA EN DOMICILIOS (EU)	172.0	174.0	1.2	
    5.-SUSTRACCIÓN VEHÍCULOS A MOTOR (EU)	34.0	37.0	8.8	
    6.-TRÁFICO DE DROGAS (EU)	13.0	12.0	-7.7	
    7.-DAÑOS	669.0	644.0	-3.7	
    8.-HURTOS	1659.0	1510.0	-9.0	
- Municipio de Valladolid	
    1.-DELITOS Y FALTAS (EU)	2772.0	2405.0	-13.2	
    2.-HOMICIDIOS DOLOSOS Y ASESINATOS CONSUMADOS (EU)	0.0	0.0	0.0	
    3.-ROBO CON VIOLENCIA E INTIMIDACIÓN (EU)	31.0	17.0	-45.2	
    4.-ROBOS CON FUERZA EN DOMICILIOS (EU)	75.0	61.0	-18.7	
    5.-SUSTRACCIÓN VEHÍCULOS A MOTOR (EU)	18.0	19.0	5.6	
    6.-TRÁFICO DE DROGAS (EU)	9.0	7.0	-22.2	
    7.-DAÑOS	351.0	317.0	-9.7	
    8.-HURTOS	1167.0	1065.0	-8.7	
Provincia de ZAMORA	
    1.-DELITOS Y FALTAS (EU)	1109.0	1104.0	-0.5	
    2.-HOMICIDIOS DOLOSOS Y ASESINATOS CONSUMADOS (EU)	0.0	0.0	0.0	
    3.-ROBO CON VIOLENCIA E INTIMIDACIÓN (EU)	10.0	8.0	-20.0	
    4.-ROBOS CON FUERZA EN DOMICILIOS (EU)	56.0	43.0	-23.2	
    5.-SUSTRACCIÓN VEHÍCULOS A MOTOR (EU)	26.0	7.0	-73.1	
    6.-TRÁFICO DE DROGAS (EU)	3.0	6.0	100.0	
    7.-DAÑOS	137.0	157.0	14.6	
    8.-HURTOS	328.0	336.0	2.4	
- Municipio de Zamora	
    1.-DELITOS Y FALTAS (EU)	537.0	534.0	-0.6	
    2.-HOMICIDIOS DOLOSOS Y ASESINATOS CONSUMADOS (EU)	0.0	0.0	0.0	
    3.-ROBO CON VIOLENCIA E INTIMIDACIÓN (EU)	5.0	6.0	20.0	
    4.-ROBOS CON FUERZA EN DOMICILIOS (EU)	20.0	9.0	-55.0	
    5.-SUSTRACCIÓN VEHÍCULOS A MOTOR (EU)	20.0	1.0	-95.0	
    6.-TRÁFICO DE DROGAS (EU)	2.0	3.0	50.0	
    7.-DAÑOS	70.0	87.0	24.3	
    8.-HURTOS	179.0	200.0	11.7	
CASTILLA - LA MANCHA	
    1.-DELITOS Y FALTAS (EU)	16879.0	16084.0	-4.7	
    2.-HOMICIDIOS DOLOSOS Y ASESINATOS CONSUMADOS (EU)	1.0	6.0	500.0	
    3.-ROBO CON VIOLENCIA E INTIMIDACIÓN (EU)	234.0	261.0	11.5	
    4.-ROBOS CON FUERZA EN DOMICILIOS (EU)	1672.0	1921.0	14.9	
    5.-SUSTRACCIÓN VEHÍCULOS A MOTOR (EU)	286.0	365.0	27.6	
    6.-TRÁFICO DE DROGAS (EU)	81.0	61.0	-24.7	
    7.-DAÑOS	2056.0	1866.0	-9.2	
    8.-HURTOS	4012.0	3853.0	-4.0	
Provincia de ALBACETE	
    1.-DELITOS Y FALTAS (EU)	3044.0	2729.0	-10.3	
    2.-HOMICIDIOS DOLOSOS Y ASESINATOS CONSUMADOS (EU)	0.0	1.0	100.0	
    3.-ROBO CON VIOLENCIA E INTIMIDACIÓN (EU)	50.0	33.0	-34.0	
    4.-ROBOS CON FUERZA EN DOMICILIOS (EU)	211.0	214.0	1.4	
    5.-SUSTRACCIÓN VEHÍCULOS A MOTOR (EU)	32.0	35.0	9.4	
    6.-TRÁFICO DE DROGAS (EU)	12.0	9.0	-25.0	
    7.-DAÑOS	329.0	308.0	-6.4	
    8.-HURTOS	1044.0	890.0	-14.8	
- Municipio de Albacete	
    1.-DELITOS Y FALTAS (EU)	1427.0	1302.0	-8.8	
    2.-HOMICIDIOS DOLOSOS Y ASESINATOS CONSUMADOS (EU)	0.0	1.0	100.0	
    3.-ROBO CON VIOLENCIA E INTIMIDACIÓN (EU)	25.0	19.0	-24.0	
    4.-ROBOS CON FUERZA EN DOMICILIOS (EU)	68.0	75.0	10.3	
    5.-SUSTRACCIÓN VEHÍCULOS A MOTOR (EU)	21.0	28.0	33.3	
    6.-TRÁFICO DE DROGAS (EU)	9.0	4.0	-55.6	
    7.-DAÑOS	82.0	85.0	3.7	
    8.-HURTOS	686.0	615.0	-10.3	
Provincia de CIUDAD REAL	
    1.-DELITOS Y FALTAS (EU)	3484.0	3178.0	-8.8	
    2.-HOMICIDIOS DOLOSOS Y ASESINATOS CONSUMADOS (EU)	0.0	0.0	0.0	
    3.-ROBO CON VIOLENCIA E INTIMIDACIÓN (EU)	40.0	45.0	12.5	
    4.-ROBOS CON FUERZA EN DOMICILIOS (EU)	178.0	215.0	20.8	
    5.-SUSTRACCIÓN VEHÍCULOS A MOTOR (EU)	30.0	35.0	16.7	
    6.-TRÁFICO DE DROGAS (EU)	25.0	21.0	-16.0	
    7.-DAÑOS	480.0	349.0	-27.3	
    8.-HURTOS	853.0	881.0	3.3	
- Municipio de Ciudad Real	
    1.-DELITOS Y FALTAS (EU)	651.0	619.0	-4.9	
    2.-HOMICIDIOS DOLOSOS Y ASESINATOS CONSUMADOS (EU)	0.0	0.0	0.0	
    3.-ROBO CON VIOLENCIA E INTIMIDACIÓN (EU)	10.0	13.0	30.0	
    4.-ROBOS CON FUERZA EN DOMICILIOS (EU)	21.0	16.0	-23.8	
    5.-SUSTRACCIÓN VEHÍCULOS A MOTOR (EU)	3.0	3.0	0.0	
    6.-TRÁFICO DE DROGAS (EU)	6.0	3.0	-50.0	
    7.-DAÑOS	86.0	64.0	-25.6	
    8.-HURTOS	225.0	259.0	15.1	
- Municipio de Puertollano	
    1.-DELITOS Y FALTAS (EU)	425.0	369.0	-13.2	
    2.-HOMICIDIOS DOLOSOS Y ASESINATOS CONSUMADOS (EU)	0.0	0.0	0.0	
    3.-ROBO CON VIOLENCIA E INTIMIDACIÓN (EU)	7.0	10.0	42.9	
    4.-ROBOS CON FUERZA EN DOMICILIOS (EU)	15.0	11.0	-26.7	
    5.-SUSTRACCIÓN VEHÍCULOS A MOTOR (EU)	4.0	4.0	0.0	
    6.-TRÁFICO DE DROGAS (EU)	1.0	0.0	-100.0	
    7.-DAÑOS	49.0	52.0	6.1	
    8.-HURTOS	109.0	107.0	-1.8	
Provincia de CUENCA	
    1.-DELITOS Y FALTAS (EU)	1360.0	1465.0	7.7	
    2.-HOMICIDIOS DOLOSOS Y ASESINATOS CONSUMADOS (EU)	1.0	0.0	-100.0	
    3.-ROBO CON VIOLENCIA E INTIMIDACIÓN (EU)	15.0	15.0	0.0	
    4.-ROBOS CON FUERZA EN DOMICILIOS (EU)	116.0	144.0	24.1	
    5.-SUSTRACCIÓN VEHÍCULOS A MOTOR (EU)	15.0	32.0	113.3	
    6.-TRÁFICO DE DROGAS (EU)	0.0	3.0	100.0	
    7.-DAÑOS	194.0	211.0	8.8	
    8.-HURTOS	314.0	328.0	4.5	
- Municipio de Cuenca	
    1.-DELITOS Y FALTAS (EU)	481.0	445.0	-7.5	
    2.-HOMICIDIOS DOLOSOS Y ASESINATOS CONSUMADOS (EU)	1.0	0.0	-100.0	
    3.-ROBO CON VIOLENCIA E INTIMIDACIÓN (EU)	11.0	10.0	-9.1	
    4.-ROBOS CON FUERZA EN DOMICILIOS (EU)	26.0	14.0	-46.2	
    5.-SUSTRACCIÓN VEHÍCULOS A MOTOR (EU)	7.0	15.0	114.3	
    6.-TRÁFICO DE DROGAS (EU)	0.0	0.0	0.0	
    7.-DAÑOS	60.0	67.0	11.7	
    8.-HURTOS	127.0	143.0	12.6	
Provincia de GUADALAJARA	
    1.-DELITOS Y FALTAS (EU)	2277.0	2370.0	4.1	
    2.-HOMICIDIOS DOLOSOS Y ASESINATOS CONSUMADOS (EU)	0.0	2.0	100.0	
    3.-ROBO CON VIOLENCIA E INTIMIDACIÓN (EU)	22.0	79.0	259.1	
    4.-ROBOS CON FUERZA EN DOMICILIOS (EU)	212.0	260.0	22.6	
    5.-SUSTRACCIÓN VEHÍCULOS A MOTOR (EU)	53.0	88.0	66.0	
    6.-TRÁFICO DE DROGAS (EU)	8.0	8.0	0.0	
    7.-DAÑOS	441.0	394.0	-10.7	
    8.-HURTOS	475.0	495.0	4.2	
- Municipio de Guadalajara	
    1.-DELITOS Y FALTAS (EU)	845.0	829.0	-1.9	
    2.-HOMICIDIOS DOLOSOS Y ASESINATOS CONSUMADOS (EU)	0.0	0.0	0.0	
    3.-ROBO CON VIOLENCIA E INTIMIDACIÓN (EU)	11.0	41.0	272.7	
    4.-ROBOS CON FUERZA EN DOMICILIOS (EU)	46.0	45.0	-2.2	
    5.-SUSTRACCIÓN VEHÍCULOS A MOTOR (EU)	32.0	32.0	0.0	
    6.-TRÁFICO DE DROGAS (EU)	4.0	4.0	0.0	
    7.-DAÑOS	153.0	94.0	-38.6	
    8.-HURTOS	258.0	267.0	3.5	
Provincia de TOLEDO	
    1.-DELITOS Y FALTAS (EU)	6714.0	6342.0	-5.5	
    2.-HOMICIDIOS DOLOSOS Y ASESINATOS CONSUMADOS (EU)	0.0	3.0	100.0	
    3.-ROBO CON VIOLENCIA E INTIMIDACIÓN (EU)	107.0	89.0	-16.8	
    4.-ROBOS CON FUERZA EN DOMICILIOS (EU)	955.0	1088.0	13.9	
    5.-SUSTRACCIÓN VEHÍCULOS A MOTOR (EU)	156.0	175.0	12.2	
    6.-TRÁFICO DE DROGAS (EU)	36.0	20.0	-44.4	
    7.-DAÑOS	612.0	604.0	-1.3	
    8.-HURTOS	1326.0	1259.0	-5.1	
- Municipio de Talavera de la Reina	
    1.-DELITOS Y FALTAS (EU)	679.0	620.0	-8.7	
    2.-HOMICIDIOS DOLOSOS Y ASESINATOS CONSUMADOS (EU)	0.0	1.0	100.0	
    3.-ROBO CON VIOLENCIA E INTIMIDACIÓN (EU)	10.0	15.0	50.0	
    4.-ROBOS CON FUERZA EN DOMICILIOS (EU)	30.0	32.0	6.7	
    5.-SUSTRACCIÓN VEHÍCULOS A MOTOR (EU)	12.0	6.0	-50.0	
    6.-TRÁFICO DE DROGAS (EU)	4.0	3.0	-25.0	
    7.-DAÑOS	68.0	90.0	32.4	
    8.-HURTOS	275.0	193.0	-29.8	
- Municipio de Toledo	
    1.-DELITOS Y FALTAS (EU)	849.0	880.0	3.7	
    2.-HOMICIDIOS DOLOSOS Y ASESINATOS CONSUMADOS (EU)	0.0	0.0	0.0	
    3.-ROBO CON VIOLENCIA E INTIMIDACIÓN (EU)	9.0	14.0	55.6	
    4.-ROBOS CON FUERZA EN DOMICILIOS (EU)	43.0	58.0	34.9	
    5.-SUSTRACCIÓN VEHÍCULOS A MOTOR (EU)	23.0	28.0	21.7	
    6.-TRÁFICO DE DROGAS (EU)	5.0	3.0	-40.0	
    7.-DAÑOS	72.0	76.0	5.6	
    8.-HURTOS	251.0	283.0	12.7	
CATALUÑA	
    1.-DELITOS Y FALTAS (EU)	98168.0	95712.0	-2.5	
    2.-HOMICIDIOS DOLOSOS Y ASESINATOS CONSUMADOS (EU)	8.0	10.0	25.0	
    3.-ROBO CON VIOLENCIA E INTIMIDACIÓN (EU)	5503.0	4911.0	-10.8	
    4.-ROBOS CON FUERZA EN DOMICILIOS (EU)	5799.0	6418.0	10.7	
    5.-SUSTRACCIÓN VEHÍCULOS A MOTOR (EU)	1967.0	1825.0	-7.2	
    6.-TRÁFICO DE DROGAS (EU)	440.0	469.0	6.6	
    7.-DAÑOS	9309.0	9454.0	1.6	
    8.-HURTOS	36842.0	36593.0	-0.7	
Provincia de BARCELONA	
    1.-DELITOS Y FALTAS (EU)	75479.0	74402.0	-1.4	
    2.-HOMICIDIOS DOLOSOS Y ASESINATOS CONSUMADOS (EU)	6.0	6.0	0.0	
    3.-ROBO CON VIOLENCIA E INTIMIDACIÓN (EU)	4963.0	4425.0	-10.8	
    4.-ROBOS CON FUERZA EN DOMICILIOS (EU)	3827.0	4329.0	13.1	
    5.-SUSTRACCIÓN VEHÍCULOS A MOTOR (EU)	1668.0	1568.0	-6.0	
    6.-TRÁFICO DE DROGAS (EU)	269.0	290.0	7.8	
    7.-DAÑOS	6675.0	6830.0	2.3	
    8.-HURTOS	31104.0	31040.0	-0.2	
- Municipio de Badalona	
    1.-DELITOS Y FALTAS (EU)	2778.0	2617.0	-5.8	
    2.-HOMICIDIOS DOLOSOS Y ASESINATOS CONSUMADOS (EU)	0.0	1.0	100.0	
    3.-ROBO CON VIOLENCIA E INTIMIDACIÓN (EU)	359.0	293.0	-18.4	
    4.-ROBOS CON FUERZA EN DOMICILIOS (EU)	94.0	134.0	42.6	
    5.-SUSTRACCIÓN VEHÍCULOS A MOTOR (EU)	59.0	58.0	-1.7	
    6.-TRÁFICO DE DROGAS (EU)	11.0	8.0	-27.3	
    7.-DAÑOS	281.0	277.0	-1.4	
    8.-HURTOS	940.0	761.0	-19.0	
- Municipio de Barcelona	
    1.-DELITOS Y FALTAS (EU)	35386.0	35480.0	0.3	
    2.-HOMICIDIOS DOLOSOS Y ASESINATOS CONSUMADOS (EU)	1.0	2.0	100.0	
    3.-ROBO CON VIOLENCIA E INTIMIDACIÓN (EU)	2725.0	2333.0	-14.4	
    4.-ROBOS CON FUERZA EN DOMICILIOS (EU)	1239.0	1328.0	7.2	
    5.-SUSTRACCIÓN VEHÍCULOS A MOTOR (EU)	890.0	881.0	-1.0	
    6.-TRÁFICO DE DROGAS (EU)	111.0	99.0	-10.8	
    7.-DAÑOS	2240.0	2252.0	0.5	
    8.-HURTOS	18709.0	18956.0	1.3	
- Municipio de Castelldefels	
    1.-DELITOS Y FALTAS (EU)	678.0	689.0	1.6	
    2.-HOMICIDIOS DOLOSOS Y ASESINATOS CONSUMADOS (EU)	0.0	0.0	0.0	
    3.-ROBO CON VIOLENCIA E INTIMIDACIÓN (EU)	30.0	31.0	3.3	
    4.-ROBOS CON FUERZA EN DOMICILIOS (EU)	59.0	40.0	-32.2	
    5.-SUSTRACCIÓN VEHÍCULOS A MOTOR (EU)	6.0	13.0	116.7	
    6.-TRÁFICO DE DROGAS (EU)	1.0	2.0	100.0	
    7.-DAÑOS	54.0	75.0	38.9	
    8.-HURTOS	235.0	207.0	-11.9	
- Municipio de Cerdanyola del Vallès	
    1.-DELITOS Y FALTAS (EU)	547.0	485.0	-11.3	
    2.-HOMICIDIOS DOLOSOS Y ASESINATOS CONSUMADOS (EU)	0.0	0.0	0.0	
    3.-ROBO CON VIOLENCIA E INTIMIDACIÓN (EU)	17.0	21.0	23.5	
    4.-ROBOS CON FUERZA EN DOMICILIOS (EU)	39.0	51.0	30.8	
    5.-SUSTRACCIÓN VEHÍCULOS A MOTOR (EU)	5.0	10.0	100.0	
    6.-TRÁFICO DE DROGAS (EU)	2.0	2.0	0.0	
    7.-DAÑOS	59.0	60.0	1.7	
    8.-HURTOS	179.0	127.0	-29.1	
- Municipio de Cornellà de Llobregat	
    1.-DELITOS Y FALTAS (EU)	1278.0	1208.0	-5.5	
    2.-HOMICIDIOS DOLOSOS Y ASESINATOS CONSUMADOS (EU)	0.0	0.0	0.0	
    3.-ROBO CON VIOLENCIA E INTIMIDACIÓN (EU)	103.0	93.0	-9.7	
    4.-ROBOS CON FUERZA EN DOMICILIOS (EU)	35.0	54.0	54.3	
    5.-SUSTRACCIÓN VEHÍCULOS A MOTOR (EU)	27.0	28.0	3.7	
    6.-TRÁFICO DE DROGAS (EU)	7.0	3.0	-57.1	
    7.-DAÑOS	115.0	157.0	36.5	
    8.-HURTOS	491.0	395.0	-19.6	
- Municipio de Granollers	
    1.-DELITOS Y FALTAS (EU)	787.0	745.0	-5.3	
    2.-HOMICIDIOS DOLOSOS Y ASESINATOS CONSUMADOS (EU)	0.0	0.0	0.0	
    3.-ROBO CON VIOLENCIA E INTIMIDACIÓN (EU)	42.0	34.0	-19.0	
    4.-ROBOS CON FUERZA EN DOMICILIOS (EU)	48.0	35.0	-27.1	
    5.-SUSTRACCIÓN VEHÍCULOS A MOTOR (EU)	9.0	17.0	88.9	
    6.-TRÁFICO DE DROGAS (EU)	4.0	3.0	-25.0	
    7.-DAÑOS	89.0	75.0	-15.7	
    8.-HURTOS	253.0	230.0	-9.1	
- Municipio de Hospitalet de Llobregat (L')	
    1.-DELITOS Y FALTAS (EU)	3887.0	3826.0	-1.6	
    2.-HOMICIDIOS DOLOSOS Y ASESINATOS CONSUMADOS (EU)	0.0	0.0	0.0	
    3.-ROBO CON VIOLENCIA E INTIMIDACIÓN (EU)	284.0	313.0	10.2	
    4.-ROBOS CON FUERZA EN DOMICILIOS (EU)	168.0	177.0	5.4	
    5.-SUSTRACCIÓN VEHÍCULOS A MOTOR (EU)	135.0	74.0	-45.2	
    6.-TRÁFICO DE DROGAS (EU)	6.0	11.0	83.3	
    7.-DAÑOS	405.0	375.0	-7.4	
    8.-HURTOS	1365.0	1480.0	8.4	
- Municipio de Manresa	
    1.-DELITOS Y FALTAS (EU)	868.0	781.0	-10.0	
    2.-HOMICIDIOS DOLOSOS Y ASESINATOS CONSUMADOS (EU)	0.0	0.0	0.0	
    3.-ROBO CON VIOLENCIA E INTIMIDACIÓN (EU)	33.0	25.0	-24.2	
    4.-ROBOS CON FUERZA EN DOMICILIOS (EU)	53.0	62.0	17.0	
    5.-SUSTRACCIÓN VEHÍCULOS A MOTOR (EU)	7.0	11.0	57.1	
    6.-TRÁFICO DE DROGAS (EU)	3.0	0.0	-100.0	
    7.-DAÑOS	93.0	87.0	-6.5	
    8.-HURTOS	254.0	199.0	-21.7	
- Municipio de Mataró	
    1.-DELITOS Y FALTAS (EU)	1666.0	1563.0	-6.2	
    2.-HOMICIDIOS DOLOSOS Y ASESINATOS CONSUMADOS (EU)	0.0	0.0	0.0	
    3.-ROBO CON VIOLENCIA E INTIMIDACIÓN (EU)	121.0	136.0	12.4	
    4.-ROBOS CON FUERZA EN DOMICILIOS (EU)	83.0	71.0	-14.5	
    5.-SUSTRACCIÓN VEHÍCULOS A MOTOR (EU)	39.0	38.0	-2.6	
    6.-TRÁFICO DE DROGAS (EU)	7.0	4.0	-42.9	
    7.-DAÑOS	171.0	199.0	16.4	
    8.-HURTOS	512.0	480.0	-6.3	
- Municipio de Mollet del Vallès	
    1.-DELITOS Y FALTAS (EU)	568.0	573.0	0.9	
    2.-HOMICIDIOS DOLOSOS Y ASESINATOS CONSUMADOS (EU)	0.0	0.0	0.0	
    3.-ROBO CON VIOLENCIA E INTIMIDACIÓN (EU)	31.0	29.0	-6.5	
    4.-ROBOS CON FUERZA EN DOMICILIOS (EU)	20.0	35.0	75.0	
    5.-SUSTRACCIÓN VEHÍCULOS A MOTOR (EU)	10.0	5.0	-50.0	
    6.-TRÁFICO DE DROGAS (EU)	3.0	3.0	0.0	
    7.-DAÑOS	91.0	94.0	3.3	
    8.-HURTOS	183.0	150.0	-18.0	
- Municipio de Prat de Llobregat (El)	
    1.-DELITOS Y FALTAS (EU)	1386.0	1519.0	9.6	
    2.-HOMICIDIOS DOLOSOS Y ASESINATOS CONSUMADOS (EU)	0.0	0.0	0.0	
    3.-ROBO CON VIOLENCIA E INTIMIDACIÓN (EU)	36.0	40.0	11.1	
    4.-ROBOS CON FUERZA EN DOMICILIOS (EU)	19.0	11.0	-42.1	
    5.-SUSTRACCIÓN VEHÍCULOS A MOTOR (EU)	38.0	22.0	-42.1	
    6.-TRÁFICO DE DROGAS (EU)	13.0	19.0	46.2	
    7.-DAÑOS	114.0	113.0	-0.9	
    8.-HURTOS	677.0	781.0	15.4	
- Municipio de Rubí	
    1.-DELITOS Y FALTAS (EU)	761.0	681.0	-10.5	
    2.-HOMICIDIOS DOLOSOS Y ASESINATOS CONSUMADOS (EU)	0.0	0.0	0.0	
    3.-ROBO CON VIOLENCIA E INTIMIDACIÓN (EU)	24.0	16.0	-33.3	
    4.-ROBOS CON FUERZA EN DOMICILIOS (EU)	42.0	38.0	-9.5	
    5.-SUSTRACCIÓN VEHÍCULOS A MOTOR (EU)	12.0	13.0	8.3	
    6.-TRÁFICO DE DROGAS (EU)	3.0	2.0	-33.3	
    7.-DAÑOS	110.0	119.0	8.2	
    8.-HURTOS	191.0	167.0	-12.6	
- Municipio de Sabadell	
    1.-DELITOS Y FALTAS (EU)	2285.0	2416.0	5.7	
    2.-HOMICIDIOS DOLOSOS Y ASESINATOS CONSUMADOS (EU)	0.0	0.0	0.0	
    3.-ROBO CON VIOLENCIA E INTIMIDACIÓN (EU)	187.0	207.0	10.7	
    4.-ROBOS CON FUERZA EN DOMICILIOS (EU)	96.0	145.0	51.0	
    5.-SUSTRACCIÓN VEHÍCULOS A MOTOR (EU)	32.0	19.0	-40.6	
    6.-TRÁFICO DE DROGAS (EU)	6.0	12.0	100.0	
    7.-DAÑOS	274.0	300.0	9.5	
    8.-HURTOS	692.0	629.0	-9.1	
- Municipio de Sant Boi de Llobregat	
    1.-DELITOS Y FALTAS (EU)	960.0	787.0	-18.0	
    2.-HOMICIDIOS DOLOSOS Y ASESINATOS CONSUMADOS (EU)	0.0	0.0	0.0	
    3.-ROBO CON VIOLENCIA E INTIMIDACIÓN (EU)	41.0	47.0	14.6	
    4.-ROBOS CON FUERZA EN DOMICILIOS (EU)	33.0	32.0	-3.0	
    5.-SUSTRACCIÓN VEHÍCULOS A MOTOR (EU)	25.0	24.0	-4.0	
    6.-TRÁFICO DE DROGAS (EU)	2.0	0.0	-100.0	
    7.-DAÑOS	134.0	100.0	-25.4	
    8.-HURTOS	309.0	256.0	-17.2	
- Municipio de Sant Cugat del Vallès	
    1.-DELITOS Y FALTAS (EU)	1015.0	1060.0	4.4	
    2.-HOMICIDIOS DOLOSOS Y ASESINATOS CONSUMADOS (EU)	2.0	0.0	-100.0	
    3.-ROBO CON VIOLENCIA E INTIMIDACIÓN (EU)	27.0	42.0	55.6	
    4.-ROBOS CON FUERZA EN DOMICILIOS (EU)	109.0	189.0	73.4	
    5.-SUSTRACCIÓN VEHÍCULOS A MOTOR (EU)	15.0	21.0	40.0	
    6.-TRÁFICO DE DROGAS (EU)	1.0	1.0	0.0	
    7.-DAÑOS	107.0	117.0	9.3	
    8.-HURTOS	305.0	310.0	1.6	
- Municipio de Santa Coloma de Gramenet	
    1.-DELITOS Y FALTAS (EU)	1276.0	1146.0	-10.2	
    2.-HOMICIDIOS DOLOSOS Y ASESINATOS CONSUMADOS (EU)	0.0	0.0	0.0	
    3.-ROBO CON VIOLENCIA E INTIMIDACIÓN (EU)	101.0	129.0	27.7	
    4.-ROBOS CON FUERZA EN DOMICILIOS (EU)	64.0	73.0	14.1	
    5.-SUSTRACCIÓN VEHÍCULOS A MOTOR (EU)	29.0	20.0	-31.0	
    6.-TRÁFICO DE DROGAS (EU)	2.0	2.0	0.0	
    7.-DAÑOS	125.0	97.0	-22.4	
    8.-HURTOS	425.0	318.0	-25.2	
- Municipio de Terrassa	
    1.-DELITOS Y FALTAS (EU)	1955.0	1810.0	-7.4	
    2.-HOMICIDIOS DOLOSOS Y ASESINATOS CONSUMADOS (EU)	1.0	2.0	100.0	
    3.-ROBO CON VIOLENCIA E INTIMIDACIÓN (EU)	78.0	66.0	-15.4	
    4.-ROBOS CON FUERZA EN DOMICILIOS (EU)	76.0	110.0	44.7	
    5.-SUSTRACCIÓN VEHÍCULOS A MOTOR (EU)	27.0	30.0	11.1	
    6.-TRÁFICO DE DROGAS (EU)	6.0	8.0	33.3	
    7.-DAÑOS	244.0	234.0	-4.1	
    8.-HURTOS	582.0	518.0	-11.0	
- Municipio de Viladecans	
    1.-DELITOS Y FALTAS (EU)	637.0	645.0	1.3	
    2.-HOMICIDIOS DOLOSOS Y ASESINATOS CONSUMADOS (EU)	0.0	0.0	0.0	
    3.-ROBO CON VIOLENCIA E INTIMIDACIÓN (EU)	38.0	38.0	0.0	
    4.-ROBOS CON FUERZA EN DOMICILIOS (EU)	16.0	19.0	18.8	
    5.-SUSTRACCIÓN VEHÍCULOS A MOTOR (EU)	23.0	19.0	-17.4	
    6.-TRÁFICO DE DROGAS (EU)	1.0	3.0	200.0	
    7.-DAÑOS	115.0	108.0	-6.1	
    8.-HURTOS	199.0	192.0	-3.5	
- Municipio de Vilanova i la Geltrú	
    1.-DELITOS Y FALTAS (EU)	667.0	838.0	25.6	
    2.-HOMICIDIOS DOLOSOS Y ASESINATOS CONSUMADOS (EU)	0.0	0.0	0.0	
    3.-ROBO CON VIOLENCIA E INTIMIDACIÓN (EU)	30.0	34.0	13.3	
    4.-ROBOS CON FUERZA EN DOMICILIOS (EU)	44.0	50.0	13.6	
    5.-SUSTRACCIÓN VEHÍCULOS A MOTOR (EU)	9.0	9.0	0.0	
    6.-TRÁFICO DE DROGAS (EU)	3.0	1.0	-66.7	
    7.-DAÑOS	103.0	132.0	28.2	
    8.-HURTOS	200.0	194.0	-3.0	
Provincia de GIRONA	
    1.-DELITOS Y FALTAS (EU)	8737.0	8082.0	-7.5	
    2.-HOMICIDIOS DOLOSOS Y ASESINATOS CONSUMADOS (EU)	0.0	2.0	100.0	
    3.-ROBO CON VIOLENCIA E INTIMIDACIÓN (EU)	172.0	141.0	-18.0	
    4.-ROBOS CON FUERZA EN DOMICILIOS (EU)	711.0	827.0	16.3	
    5.-SUSTRACCIÓN VEHÍCULOS A MOTOR (EU)	124.0	112.0	-9.7	
    6.-TRÁFICO DE DROGAS (EU)	97.0	73.0	-24.7	
    7.-DAÑOS	994.0	998.0	0.4	
    8.-HURTOS	2390.0	2170.0	-9.2	
- Municipio de Girona	
    1.-DELITOS Y FALTAS (EU)	1631.0	1095.0	-32.9	
    2.-HOMICIDIOS DOLOSOS Y ASESINATOS CONSUMADOS (EU)	0.0	1.0	100.0	
    3.-ROBO CON VIOLENCIA E INTIMIDACIÓN (EU)	49.0	43.0	-12.2	
    4.-ROBOS CON FUERZA EN DOMICILIOS (EU)	59.0	48.0	-18.6	
    5.-SUSTRACCIÓN VEHÍCULOS A MOTOR (EU)	29.0	17.0	-41.4	
    6.-TRÁFICO DE DROGAS (EU)	8.0	6.0	-25.0	
    7.-DAÑOS	211.0	134.0	-36.5	
    8.-HURTOS	620.0	402.0	-35.2	
Provincia de LLEIDA	
    1.-DELITOS Y FALTAS (EU)	4882.0	4310.0	-11.7	
    2.-HOMICIDIOS DOLOSOS Y ASESINATOS CONSUMADOS (EU)	1.0	1.0	0.0	
    3.-ROBO CON VIOLENCIA E INTIMIDACIÓN (EU)	124.0	81.0	-34.7	
    4.-ROBOS CON FUERZA EN DOMICILIOS (EU)	250.0	189.0	-24.4	
    5.-SUSTRACCIÓN VEHÍCULOS A MOTOR (EU)	43.0	45.0	4.7	
    6.-TRÁFICO DE DROGAS (EU)	9.0	25.0	177.8	
    7.-DAÑOS	632.0	558.0	-11.7	
    8.-HURTOS	1275.0	1195.0	-6.3	
- Municipio de Lleida	
    1.-DELITOS Y FALTAS (EU)	2302.0	2065.0	-10.3	
    2.-HOMICIDIOS DOLOSOS Y ASESINATOS CONSUMADOS (EU)	1.0	0.0	-100.0	
    3.-ROBO CON VIOLENCIA E INTIMIDACIÓN (EU)	93.0	54.0	-41.9	
    4.-ROBOS CON FUERZA EN DOMICILIOS (EU)	92.0	58.0	-37.0	
    5.-SUSTRACCIÓN VEHÍCULOS A MOTOR (EU)	17.0	27.0	58.8	
    6.-TRÁFICO DE DROGAS (EU)	6.0	7.0	16.7	
    7.-DAÑOS	304.0	272.0	-10.5	
    8.-HURTOS	695.0	600.0	-13.7	
Provincia de TARRAGONA	
    1.-DELITOS Y FALTAS (EU)	9070.0	8918.0	-1.7	
    2.-HOMICIDIOS DOLOSOS Y ASESINATOS CONSUMADOS (EU)	1.0	1.0	0.0	
    3.-ROBO CON VIOLENCIA E INTIMIDACIÓN (EU)	244.0	264.0	8.2	
    4.-ROBOS CON FUERZA EN DOMICILIOS (EU)	1011.0	1073.0	6.1	
    5.-SUSTRACCIÓN VEHÍCULOS A MOTOR (EU)	132.0	100.0	-24.2	
    6.-TRÁFICO DE DROGAS (EU)	65.0	81.0	24.6	
    7.-DAÑOS	1008.0	1068.0	6.0	
    8.-HURTOS	2073.0	2188.0	5.5	
- Municipio de Reus	
    1.-DELITOS Y FALTAS (EU)	1421.0	1351.0	-4.9	
    2.-HOMICIDIOS DOLOSOS Y ASESINATOS CONSUMADOS (EU)	0.0	0.0	0.0	
    3.-ROBO CON VIOLENCIA E INTIMIDACIÓN (EU)	94.0	71.0	-24.5	
    4.-ROBOS CON FUERZA EN DOMICILIOS (EU)	84.0	100.0	19.0	
    5.-SUSTRACCIÓN VEHÍCULOS A MOTOR (EU)	21.0	18.0	-14.3	
    6.-TRÁFICO DE DROGAS (EU)	21.0	22.0	4.8	
    7.-DAÑOS	184.0	210.0	14.1	
    8.-HURTOS	370.0	328.0	-11.4	
- Municipio de Tarragona	
    1.-DELITOS Y FALTAS (EU)	1883.0	2010.0	6.7	
    2.-HOMICIDIOS DOLOSOS Y ASESINATOS CONSUMADOS (EU)	0.0	0.0	0.0	
    3.-ROBO CON VIOLENCIA E INTIMIDACIÓN (EU)	54.0	74.0	37.0	
    4.-ROBOS CON FUERZA EN DOMICILIOS (EU)	119.0	190.0	59.7	
    5.-SUSTRACCIÓN VEHÍCULOS A MOTOR (EU)	37.0	32.0	-13.5	
    6.-TRÁFICO DE DROGAS (EU)	6.0	12.0	100.0	
    7.-DAÑOS	190.0	199.0	4.7	
    8.-HURTOS	619.0	647.0	4.5	
COMUNITAT VALENCIANA	
    1.-DELITOS Y FALTAS (EU)	56958.0	56096.0	-1.5	
    2.-HOMICIDIOS DOLOSOS Y ASESINATOS CONSUMADOS (EU)	15.0	11.0	-26.7	
    3.-ROBO CON VIOLENCIA E INTIMIDACIÓN (EU)	1502.0	1479.0	-1.5	
    4.-ROBOS CON FUERZA EN DOMICILIOS (EU)	5177.0	5357.0	3.5	
    5.-SUSTRACCIÓN VEHÍCULOS A MOTOR (EU)	1057.0	1032.0	-2.4	
    6.-TRÁFICO DE DROGAS (EU)	366.0	363.0	-0.8	
    7.-DAÑOS	6845.0	6829.0	-0.2	
    8.-HURTOS	18063.0	18791.0	4.0	
Provincia de ALICANTE/ALACANT	
    1.-DELITOS Y FALTAS (EU)	21278.0	21497.0	1.0	
    2.-HOMICIDIOS DOLOSOS Y ASESINATOS CONSUMADOS (EU)	12.0	6.0	-50.0	
    3.-ROBO CON VIOLENCIA E INTIMIDACIÓN (EU)	438.0	489.0	11.6	
    4.-ROBOS CON FUERZA EN DOMICILIOS (EU)	2234.0	2436.0	9.0	
    5.-SUSTRACCIÓN VEHÍCULOS A MOTOR (EU)	488.0	500.0	2.5	
    6.-TRÁFICO DE DROGAS (EU)	147.0	169.0	15.0	
    7.-DAÑOS	2316.0	2331.0	0.6	
    8.-HURTOS	6710.0	7162.0	6.7	
- Municipio de Alcoy/Alcoi	
    1.-DELITOS Y FALTAS (EU)	462.0	376.0	-18.6	
    2.-HOMICIDIOS DOLOSOS Y ASESINATOS CONSUMADOS (EU)	0.0	0.0	0.0	
    3.-ROBO CON VIOLENCIA E INTIMIDACIÓN (EU)	18.0	11.0	-38.9	
    4.-ROBOS CON FUERZA EN DOMICILIOS (EU)	19.0	18.0	-5.3	
    5.-SUSTRACCIÓN VEHÍCULOS A MOTOR (EU)	12.0	10.0	-16.7	
    6.-TRÁFICO DE DROGAS (EU)	0.0	0.0	0.0	
    7.-DAÑOS	63.0	35.0	-44.4	
    8.-HURTOS	124.0	110.0	-11.3	
- Municipio de Alicante/Alacant	
    1.-DELITOS Y FALTAS (EU)	4198.0	4286.0	2.1	
    2.-HOMICIDIOS DOLOSOS Y ASESINATOS CONSUMADOS (EU)	1.0	0.0	-100.0	
    3.-ROBO CON VIOLENCIA E INTIMIDACIÓN (EU)	144.0	168.0	16.7	
    4.-ROBOS CON FUERZA EN DOMICILIOS (EU)	229.0	191.0	-16.6	
    5.-SUSTRACCIÓN VEHÍCULOS A MOTOR (EU)	157.0	137.0	-12.7	
    6.-TRÁFICO DE DROGAS (EU)	48.0	59.0	22.9	
    7.-DAÑOS	363.0	451.0	24.2	
    8.-HURTOS	1661.0	1829.0	10.1	
- Municipio de Benidorm	
    1.-DELITOS Y FALTAS (EU)	1272.0	1362.0	7.1	
    2.-HOMICIDIOS DOLOSOS Y ASESINATOS CONSUMADOS (EU)	0.0	0.0	0.0	
    3.-ROBO CON VIOLENCIA E INTIMIDACIÓN (EU)	31.0	43.0	38.7	
    4.-ROBOS CON FUERZA EN DOMICILIOS (EU)	37.0	27.0	-27.0	
    5.-SUSTRACCIÓN VEHÍCULOS A MOTOR (EU)	25.0	17.0	-32.0	
    6.-TRÁFICO DE DROGAS (EU)	12.0	23.0	91.7	
    7.-DAÑOS	71.0	116.0	63.4	
    8.-HURTOS	668.0	675.0	1.0	
- Municipio de Elche/Elx	
    1.-DELITOS Y FALTAS (EU)	2392.0	2393.0	0.0	
    2.-HOMICIDIOS DOLOSOS Y ASESINATOS CONSUMADOS (EU)	2.0	0.0	-100.0	
    3.-ROBO CON VIOLENCIA E INTIMIDACIÓN (EU)	50.0	44.0	-12.0	
    4.-ROBOS CON FUERZA EN DOMICILIOS (EU)	166.0	188.0	13.3	
    5.-SUSTRACCIÓN VEHÍCULOS A MOTOR (EU)	54.0	77.0	42.6	
    6.-TRÁFICO DE DROGAS (EU)	21.0	22.0	4.8	
    7.-DAÑOS	248.0	277.0	11.7	
    8.-HURTOS	858.0	826.0	-3.7	
- Municipio de Elda	
    1.-DELITOS Y FALTAS (EU)	330.0	420.0	27.3	
    2.-HOMICIDIOS DOLOSOS Y ASESINATOS CONSUMADOS (EU)	0.0	0.0	0.0	
    3.-ROBO CON VIOLENCIA E INTIMIDACIÓN (EU)	3.0	4.0	33.3	
    4.-ROBOS CON FUERZA EN DOMICILIOS (EU)	19.0	47.0	147.4	
    5.-SUSTRACCIÓN VEHÍCULOS A MOTOR (EU)	21.0	5.0	-76.2	
    6.-TRÁFICO DE DROGAS (EU)	3.0	5.0	66.7	
    7.-DAÑOS	46.0	54.0	17.4	
    8.-HURTOS	72.0	120.0	66.7	
- Municipio de Orihuela	
    1.-DELITOS Y FALTAS (EU)	813.0	859.0	5.7	
    2.-HOMICIDIOS DOLOSOS Y ASESINATOS CONSUMADOS (EU)	0.0	2.0	100.0	
    3.-ROBO CON VIOLENCIA E INTIMIDACIÓN (EU)	14.0	20.0	42.9	
    4.-ROBOS CON FUERZA EN DOMICILIOS (EU)	89.0	122.0	37.1	
    5.-SUSTRACCIÓN VEHÍCULOS A MOTOR (EU)	7.0	21.0	200.0	
    6.-TRÁFICO DE DROGAS (EU)	0.0	1.0	100.0	
    7.-DAÑOS	72.0	55.0	-23.6	
    8.-HURTOS	231.0	296.0	28.1	
- Municipio de San Vicente del Raspeig/Sant Vicent del Raspeig	
    1.-DELITOS Y FALTAS (EU)	717.0	571.0	-20.4	
    2.-HOMICIDIOS DOLOSOS Y ASESINATOS CONSUMADOS (EU)	0.0	0.0	0.0	
    3.-ROBO CON VIOLENCIA E INTIMIDACIÓN (EU)	14.0	16.0	14.3	
    4.-ROBOS CON FUERZA EN DOMICILIOS (EU)	56.0	60.0	7.1	
    5.-SUSTRACCIÓN VEHÍCULOS A MOTOR (EU)	25.0	22.0	-12.0	
    6.-TRÁFICO DE DROGAS (EU)	2.0	3.0	50.0	
    7.-DAÑOS	103.0	58.0	-43.7	
    8.-HURTOS	219.0	224.0	2.3	
- Municipio de Torrevieja	
    1.-DELITOS Y FALTAS (EU)	1525.0	1678.0	10.0	
    2.-HOMICIDIOS DOLOSOS Y ASESINATOS CONSUMADOS (EU)	2.0	3.0	50.0	
    3.-ROBO CON VIOLENCIA E INTIMIDACIÓN (EU)	26.0	43.0	65.4	
    4.-ROBOS CON FUERZA EN DOMICILIOS (EU)	285.0	245.0	-14.0	
    5.-SUSTRACCIÓN VEHÍCULOS A MOTOR (EU)	20.0	22.0	10.0	
    6.-TRÁFICO DE DROGAS (EU)	7.0	8.0	14.3	
    7.-DAÑOS	184.0	210.0	14.1	
    8.-HURTOS	437.0	542.0	24.0	
Provincia de CASTELLÓN/CASTELLÓ	
    1.-DELITOS Y FALTAS (EU)	5988.0	5888.0	-1.7	
    2.-HOMICIDIOS DOLOSOS Y ASESINATOS CONSUMADOS (EU)	0.0	0.0	0.0	
    3.-ROBO CON VIOLENCIA E INTIMIDACIÓN (EU)	111.0	129.0	16.2	
    4.-ROBOS CON FUERZA EN DOMICILIOS (EU)	745.0	711.0	-4.6	
    5.-SUSTRACCIÓN VEHÍCULOS A MOTOR (EU)	87.0	61.0	-29.9	
    6.-TRÁFICO DE DROGAS (EU)	17.0	14.0	-17.6	
    7.-DAÑOS	761.0	741.0	-2.6	
    8.-HURTOS	1607.0	1621.0	0.9	
- Municipio de Castellón de la Plana/Castelló de la Plana	
    1.-DELITOS Y FALTAS (EU)	1423.0	1495.0	5.1	
    2.-HOMICIDIOS DOLOSOS Y ASESINATOS CONSUMADOS (EU)	0.0	0.0	0.0	
    3.-ROBO CON VIOLENCIA E INTIMIDACIÓN (EU)	40.0	58.0	45.0	
    4.-ROBOS CON FUERZA EN DOMICILIOS (EU)	119.0	116.0	-2.5	
    5.-SUSTRACCIÓN VEHÍCULOS A MOTOR (EU)	21.0	18.0	-14.3	
    6.-TRÁFICO DE DROGAS (EU)	7.0	3.0	-57.1	
    7.-DAÑOS	107.0	108.0	0.9	
    8.-HURTOS	518.0	629.0	21.4	
- Municipio de Vila-Real	
    1.-DELITOS Y FALTAS (EU)	472.0	366.0	-22.5	
    2.-HOMICIDIOS DOLOSOS Y ASESINATOS CONSUMADOS (EU)	0.0	0.0	0.0	
    3.-ROBO CON VIOLENCIA E INTIMIDACIÓN (EU)	5.0	7.0	40.0	
    4.-ROBOS CON FUERZA EN DOMICILIOS (EU)	38.0	31.0	-18.4	
    5.-SUSTRACCIÓN VEHÍCULOS A MOTOR (EU)	10.0	8.0	-20.0	
    6.-TRÁFICO DE DROGAS (EU)	1.0	0.0	-100.0	
    7.-DAÑOS	80.0	45.0	-43.8	
    8.-HURTOS	126.0	111.0	-11.9	
Provincia de VALENCIA/VALÈNCIA	
    1.-DELITOS Y FALTAS (EU)	29692.0	28711.0	-3.3	
    2.-HOMICIDIOS DOLOSOS Y ASESINATOS CONSUMADOS (EU)	3.0	5.0	66.7	
    3.-ROBO CON VIOLENCIA E INTIMIDACIÓN (EU)	953.0	861.0	-9.7	
    4.-ROBOS CON FUERZA EN DOMICILIOS (EU)	2198.0	2210.0	0.5	
    5.-SUSTRACCIÓN VEHÍCULOS A MOTOR (EU)	482.0	471.0	-2.3	
    6.-TRÁFICO DE DROGAS (EU)	202.0	180.0	-10.9	
    7.-DAÑOS	3768.0	3757.0	-0.3	
    8.-HURTOS	9746.0	10008.0	2.7	
- Municipio de Gandia	
    1.-DELITOS Y FALTAS (EU)	1066.0	944.0	-11.4	
    2.-HOMICIDIOS DOLOSOS Y ASESINATOS CONSUMADOS (EU)	0.0	0.0	0.0	
    3.-ROBO CON VIOLENCIA E INTIMIDACIÓN (EU)	10.0	21.0	110.0	
    4.-ROBOS CON FUERZA EN DOMICILIOS (EU)	38.0	41.0	7.9	
    5.-SUSTRACCIÓN VEHÍCULOS A MOTOR (EU)	22.0	17.0	-22.7	
    6.-TRÁFICO DE DROGAS (EU)	3.0	10.0	233.3	
    7.-DAÑOS	130.0	133.0	2.3	
    8.-HURTOS	366.0	323.0	-11.7	
- Municipio de Paterna	
    1.-DELITOS Y FALTAS (EU)	544.0	553.0	1.7	
    2.-HOMICIDIOS DOLOSOS Y ASESINATOS CONSUMADOS (EU)	0.0	0.0	0.0	
    3.-ROBO CON VIOLENCIA E INTIMIDACIÓN (EU)	11.0	17.0	54.5	
    4.-ROBOS CON FUERZA EN DOMICILIOS (EU)	32.0	35.0	9.4	
    5.-SUSTRACCIÓN VEHÍCULOS A MOTOR (EU)	11.0	11.0	0.0	
    6.-TRÁFICO DE DROGAS (EU)	5.0	3.0	-40.0	
    7.-DAÑOS	65.0	70.0	7.7	
    8.-HURTOS	169.0	175.0	3.6	
- Municipio de Sagunto/Sagunt	
    1.-DELITOS Y FALTAS (EU)	652.0	772.0	18.4	
    2.-HOMICIDIOS DOLOSOS Y ASESINATOS CONSUMADOS (EU)	0.0	0.0	0.0	
    3.-ROBO CON VIOLENCIA E INTIMIDACIÓN (EU)	15.0	22.0	46.7	
    4.-ROBOS CON FUERZA EN DOMICILIOS (EU)	113.0	107.0	-5.3	
    5.-SUSTRACCIÓN VEHÍCULOS A MOTOR (EU)	9.0	11.0	22.2	
    6.-TRÁFICO DE DROGAS (EU)	8.0	8.0	0.0	
    7.-DAÑOS	65.0	99.0	52.3	
    8.-HURTOS	154.0	226.0	46.8	
- Municipio de Torrent	
    1.-DELITOS Y FALTAS (EU)	855.0	762.0	-10.9	
    2.-HOMICIDIOS DOLOSOS Y ASESINATOS CONSUMADOS (EU)	0.0	0.0	0.0	
    3.-ROBO CON VIOLENCIA E INTIMIDACIÓN (EU)	33.0	25.0	-24.2	
    4.-ROBOS CON FUERZA EN DOMICILIOS (EU)	70.0	72.0	2.9	
    5.-SUSTRACCIÓN VEHÍCULOS A MOTOR (EU)	9.0	13.0	44.4	
    6.-TRÁFICO DE DROGAS (EU)	1.0	5.0	400.0	
    7.-DAÑOS	125.0	104.0	-16.8	
    8.-HURTOS	208.0	227.0	9.1	
- Municipio de Valencia	
    1.-DELITOS Y FALTAS (EU)	11768.0	11584.0	-1.6	
    2.-HOMICIDIOS DOLOSOS Y ASESINATOS CONSUMADOS (EU)	1.0	3.0	200.0	
    3.-ROBO CON VIOLENCIA E INTIMIDACIÓN (EU)	574.0	493.0	-14.1	
    4.-ROBOS CON FUERZA EN DOMICILIOS (EU)	382.0	420.0	9.9	
    5.-SUSTRACCIÓN VEHÍCULOS A MOTOR (EU)	186.0	201.0	8.1	
    6.-TRÁFICO DE DROGAS (EU)	83.0	73.0	-12.0	
    7.-DAÑOS	1300.0	1247.0	-4.1	
    8.-HURTOS	4945.0	5132.0	3.8	
EXTREMADURA	
    1.-DELITOS Y FALTAS (EU)	6902.0	6653.0	-3.6	
    2.-HOMICIDIOS DOLOSOS Y ASESINATOS CONSUMADOS (EU)	1.0	3.0	200.0	
    3.-ROBO CON VIOLENCIA E INTIMIDACIÓN (EU)	81.0	73.0	-9.9	
    4.-ROBOS CON FUERZA EN DOMICILIOS (EU)	372.0	360.0	-3.2	
    5.-SUSTRACCIÓN VEHÍCULOS A MOTOR (EU)	95.0	93.0	-2.1	
    6.-TRÁFICO DE DROGAS (EU)	37.0	31.0	-16.2	
    7.-DAÑOS	835.0	866.0	3.7	
    8.-HURTOS	2102.0	1938.0	-7.8	
Provincia de BADAJOZ	
    1.-DELITOS Y FALTAS (EU)	4826.0	4687.0	-2.9	
    2.-HOMICIDIOS DOLOSOS Y ASESINATOS CONSUMADOS (EU)	0.0	2.0	100.0	
    3.-ROBO CON VIOLENCIA E INTIMIDACIÓN (EU)	66.0	57.0	-13.6	
    4.-ROBOS CON FUERZA EN DOMICILIOS (EU)	276.0	238.0	-13.8	
    5.-SUSTRACCIÓN VEHÍCULOS A MOTOR (EU)	79.0	78.0	-1.3	
    6.-TRÁFICO DE DROGAS (EU)	30.0	21.0	-30.0	
    7.-DAÑOS	544.0	585.0	7.5	
    8.-HURTOS	1529.0	1411.0	-7.7	
- Municipio de Badajoz	
    1.-DELITOS Y FALTAS (EU)	1995.0	1780.0	-10.8	
    2.-HOMICIDIOS DOLOSOS Y ASESINATOS CONSUMADOS (EU)	0.0	0.0	0.0	
    3.-ROBO CON VIOLENCIA E INTIMIDACIÓN (EU)	42.0	23.0	-45.2	
    4.-ROBOS CON FUERZA EN DOMICILIOS (EU)	115.0	68.0	-40.9	
    5.-SUSTRACCIÓN VEHÍCULOS A MOTOR (EU)	32.0	21.0	-34.4	
    6.-TRÁFICO DE DROGAS (EU)	9.0	5.0	-44.4	
    7.-DAÑOS	237.0	242.0	2.1	
    8.-HURTOS	697.0	581.0	-16.6	
- Municipio de Mérida	
    1.-DELITOS Y FALTAS (EU)	599.0	649.0	8.3	
    2.-HOMICIDIOS DOLOSOS Y ASESINATOS CONSUMADOS (EU)	0.0	0.0	0.0	
    3.-ROBO CON VIOLENCIA E INTIMIDACIÓN (EU)	4.0	12.0	200.0	
    4.-ROBOS CON FUERZA EN DOMICILIOS (EU)	23.0	17.0	-26.1	
    5.-SUSTRACCIÓN VEHÍCULOS A MOTOR (EU)	10.0	14.0	40.0	
    6.-TRÁFICO DE DROGAS (EU)	6.0	3.0	-50.0	
    7.-DAÑOS	83.0	93.0	12.0	
    8.-HURTOS	181.0	206.0	13.8	
Provincia de CÁCERES	
    1.-DELITOS Y FALTAS (EU)	2076.0	1966.0	-5.3	
    2.-HOMICIDIOS DOLOSOS Y ASESINATOS CONSUMADOS (EU)	1.0	1.0	0.0	
    3.-ROBO CON VIOLENCIA E INTIMIDACIÓN (EU)	15.0	16.0	6.7	
    4.-ROBOS CON FUERZA EN DOMICILIOS (EU)	96.0	122.0	27.1	
    5.-SUSTRACCIÓN VEHÍCULOS A MOTOR (EU)	16.0	15.0	-6.3	
    6.-TRÁFICO DE DROGAS (EU)	7.0	10.0	42.9	
    7.-DAÑOS	291.0	281.0	-3.4	
    8.-HURTOS	573.0	527.0	-8.0	
- Municipio de Cáceres	
    1.-DELITOS Y FALTAS (EU)	504.0	514.0	2.0	
    2.-HOMICIDIOS DOLOSOS Y ASESINATOS CONSUMADOS (EU)	1.0	0.0	-100.0	
    3.-ROBO CON VIOLENCIA E INTIMIDACIÓN (EU)	3.0	5.0	66.7	
    4.-ROBOS CON FUERZA EN DOMICILIOS (EU)	9.0	17.0	88.9	
    5.-SUSTRACCIÓN VEHÍCULOS A MOTOR (EU)	5.0	1.0	-80.0	
    6.-TRÁFICO DE DROGAS (EU)	3.0	6.0	100.0	
    7.-DAÑOS	71.0	69.0	-2.8	
    8.-HURTOS	141.0	163.0	15.6	
GALICIA	
    1.-DELITOS Y FALTAS (EU)	18603.0	17596.0	-5.4	
    2.-HOMICIDIOS DOLOSOS Y ASESINATOS CONSUMADOS (EU)	1.0	2.0	100.0	
    3.-ROBO CON VIOLENCIA E INTIMIDACIÓN (EU)	275.0	289.0	5.1	
    4.-ROBOS CON FUERZA EN DOMICILIOS (EU)	1067.0	1080.0	1.2	
    5.-SUSTRACCIÓN VEHÍCULOS A MOTOR (EU)	222.0	234.0	5.4	
    6.-TRÁFICO DE DROGAS (EU)	76.0	77.0	1.3	
    7.-DAÑOS	2386.0	2224.0	-6.8	
    8.-HURTOS	5231.0	4947.0	-5.4	
Provincia de CORUÑA (A)	
    1.-DELITOS Y FALTAS (EU)	7930.0	7553.0	-4.8	
    2.-HOMICIDIOS DOLOSOS Y ASESINATOS CONSUMADOS (EU)	0.0	1.0	100.0	
    3.-ROBO CON VIOLENCIA E INTIMIDACIÓN (EU)	110.0	123.0	11.8	
    4.-ROBOS CON FUERZA EN DOMICILIOS (EU)	496.0	480.0	-3.2	
    5.-SUSTRACCIÓN VEHÍCULOS A MOTOR (EU)	100.0	112.0	12.0	
    6.-TRÁFICO DE DROGAS (EU)	31.0	23.0	-25.8	
    7.-DAÑOS	1000.0	922.0	-7.8	
    8.-HURTOS	2334.0	2145.0	-8.1	
- Municipio de Coruña (A)	
    1.-DELITOS Y FALTAS (EU)	2265.0	2182.0	-3.7	
    2.-HOMICIDIOS DOLOSOS Y ASESINATOS CONSUMADOS (EU)	0.0	0.0	0.0	
    3.-ROBO CON VIOLENCIA E INTIMIDACIÓN (EU)	40.0	62.0	55.0	
    4.-ROBOS CON FUERZA EN DOMICILIOS (EU)	35.0	87.0	148.6	
    5.-SUSTRACCIÓN VEHÍCULOS A MOTOR (EU)	26.0	38.0	46.2	
    6.-TRÁFICO DE DROGAS (EU)	10.0	8.0	-20.0	
    7.-DAÑOS	219.0	212.0	-3.2	
    8.-HURTOS	903.0	889.0	-1.6	
- Municipio de Ferrol	
    1.-DELITOS Y FALTAS (EU)	517.0	529.0	2.3	
    2.-HOMICIDIOS DOLOSOS Y ASESINATOS CONSUMADOS (EU)	0.0	1.0	100.0	
    3.-ROBO CON VIOLENCIA E INTIMIDACIÓN (EU)	4.0	12.0	200.0	
    4.-ROBOS CON FUERZA EN DOMICILIOS (EU)	11.0	13.0	18.2	
    5.-SUSTRACCIÓN VEHÍCULOS A MOTOR (EU)	6.0	3.0	-50.0	
    6.-TRÁFICO DE DROGAS (EU)	3.0	3.0	0.0	
    7.-DAÑOS	67.0	53.0	-20.9	
    8.-HURTOS	195.0	154.0	-21.0	
- Municipio de Santiago de Compostela	
    1.-DELITOS Y FALTAS (EU)	908.0	913.0	0.6	
    2.-HOMICIDIOS DOLOSOS Y ASESINATOS CONSUMADOS (EU)	0.0	0.0	0.0	
    3.-ROBO CON VIOLENCIA E INTIMIDACIÓN (EU)	15.0	18.0	20.0	
    4.-ROBOS CON FUERZA EN DOMICILIOS (EU)	28.0	16.0	-42.9	
    5.-SUSTRACCIÓN VEHÍCULOS A MOTOR (EU)	14.0	12.0	-14.3	
    6.-TRÁFICO DE DROGAS (EU)	3.0	3.0	0.0	
    7.-DAÑOS	120.0	109.0	-9.2	
    8.-HURTOS	400.0	401.0	0.3	
Provincia de LUGO	
    1.-DELITOS Y FALTAS (EU)	1793.0	1692.0	-5.6	
    2.-HOMICIDIOS DOLOSOS Y ASESINATOS CONSUMADOS (EU)	0.0	1.0	100.0	
    3.-ROBO CON VIOLENCIA E INTIMIDACIÓN (EU)	27.0	27.0	0.0	
    4.-ROBOS CON FUERZA EN DOMICILIOS (EU)	103.0	115.0	11.7	
    5.-SUSTRACCIÓN VEHÍCULOS A MOTOR (EU)	11.0	18.0	63.6	
    6.-TRÁFICO DE DROGAS (EU)	6.0	16.0	166.7	
    7.-DAÑOS	249.0	237.0	-4.8	
    8.-HURTOS	436.0	414.0	-5.0	
- Municipio de Lugo	
    1.-DELITOS Y FALTAS (EU)	729.0	686.0	-5.9	
    2.-HOMICIDIOS DOLOSOS Y ASESINATOS CONSUMADOS (EU)	0.0	0.0	0.0	
    3.-ROBO CON VIOLENCIA E INTIMIDACIÓN (EU)	23.0	19.0	-17.4	
    4.-ROBOS CON FUERZA EN DOMICILIOS (EU)	24.0	24.0	0.0	
    5.-SUSTRACCIÓN VEHÍCULOS A MOTOR (EU)	4.0	6.0	50.0	
    6.-TRÁFICO DE DROGAS (EU)	4.0	8.0	100.0	
    7.-DAÑOS	70.0	105.0	50.0	
    8.-HURTOS	245.0	211.0	-13.9	
Provincia de OURENSE	
    1.-DELITOS Y FALTAS (EU)	1909.0	1817.0	-4.8	
    2.-HOMICIDIOS DOLOSOS Y ASESINATOS CONSUMADOS (EU)	1.0	0.0	-100.0	
    3.-ROBO CON VIOLENCIA E INTIMIDACIÓN (EU)	35.0	33.0	-5.7	
    4.-ROBOS CON FUERZA EN DOMICILIOS (EU)	100.0	114.0	14.0	
    5.-SUSTRACCIÓN VEHÍCULOS A MOTOR (EU)	31.0	17.0	-45.2	
    6.-TRÁFICO DE DROGAS (EU)	5.0	3.0	-40.0	
    7.-DAÑOS	193.0	185.0	-4.1	
    8.-HURTOS	605.0	565.0	-6.6	
- Municipio de Ourense	
    1.-DELITOS Y FALTAS (EU)	980.0	900.0	-8.2	
    2.-HOMICIDIOS DOLOSOS Y ASESINATOS CONSUMADOS (EU)	0.0	0.0	0.0	
    3.-ROBO CON VIOLENCIA E INTIMIDACIÓN (EU)	24.0	25.0	4.2	
    4.-ROBOS CON FUERZA EN DOMICILIOS (EU)	23.0	32.0	39.1	
    5.-SUSTRACCIÓN VEHÍCULOS A MOTOR (EU)	19.0	6.0	-68.4	
    6.-TRÁFICO DE DROGAS (EU)	3.0	1.0	-66.7	
    7.-DAÑOS	107.0	116.0	8.4	
    8.-HURTOS	384.0	330.0	-14.1	
Provincia de PONTEVEDRA	
    1.-DELITOS Y FALTAS (EU)	6971.0	6534.0	-6.3	
    2.-HOMICIDIOS DOLOSOS Y ASESINATOS CONSUMADOS (EU)	0.0	0.0	0.0	
    3.-ROBO CON VIOLENCIA E INTIMIDACIÓN (EU)	103.0	106.0	2.9	
    4.-ROBOS CON FUERZA EN DOMICILIOS (EU)	368.0	371.0	0.8	
    5.-SUSTRACCIÓN VEHÍCULOS A MOTOR (EU)	80.0	87.0	8.8	
    6.-TRÁFICO DE DROGAS (EU)	34.0	35.0	2.9	
    7.-DAÑOS	944.0	880.0	-6.8	
    8.-HURTOS	1856.0	1823.0	-1.8	
- Municipio de Pontevedra	
    1.-DELITOS Y FALTAS (EU)	742.0	790.0	6.5	
    2.-HOMICIDIOS DOLOSOS Y ASESINATOS CONSUMADOS (EU)	0.0	0.0	0.0	
    3.-ROBO CON VIOLENCIA E INTIMIDACIÓN (EU)	17.0	12.0	-29.4	
    4.-ROBOS CON FUERZA EN DOMICILIOS (EU)	32.0	30.0	-6.3	
    5.-SUSTRACCIÓN VEHÍCULOS A MOTOR (EU)	7.0	1.0	-85.7	
    6.-TRÁFICO DE DROGAS (EU)	4.0	3.0	-25.0	
    7.-DAÑOS	79.0	70.0	-11.4	
    8.-HURTOS	279.0	303.0	8.6	
- Municipio de Vigo	
    1.-DELITOS Y FALTAS (EU)	2467.0	2350.0	-4.7	
    2.-HOMICIDIOS DOLOSOS Y ASESINATOS CONSUMADOS (EU)	0.0	0.0	0.0	
    3.-ROBO CON VIOLENCIA E INTIMIDACIÓN (EU)	65.0	55.0	-15.4	
    4.-ROBOS CON FUERZA EN DOMICILIOS (EU)	98.0	99.0	1.0	
    5.-SUSTRACCIÓN VEHÍCULOS A MOTOR (EU)	35.0	54.0	54.3	
    6.-TRÁFICO DE DROGAS (EU)	11.0	16.0	45.5	
    7.-DAÑOS	274.0	274.0	0.0	
    8.-HURTOS	838.0	805.0	-3.9	
MADRID (COMUNIDAD DE)	
    1.-DELITOS Y FALTAS (EU)	92195.0	95909.0	4.0	
    2.-HOMICIDIOS DOLOSOS Y ASESINATOS CONSUMADOS (EU)	4.0	11.0	175.0	
    3.-ROBO CON VIOLENCIA E INTIMIDACIÓN (EU)	4105.0	4329.0	5.5	
    4.-ROBOS CON FUERZA EN DOMICILIOS (EU)	3689.0	4516.0	22.4	
    5.-SUSTRACCIÓN VEHÍCULOS A MOTOR (EU)	2734.0	2545.0	-6.9	
    6.-TRÁFICO DE DROGAS (EU)	370.0	354.0	-4.3	
    7.-DAÑOS	11260.0	11843.0	5.2	
    8.-HURTOS	37413.0	38630.0	3.3	
- Municipio de Alcalá de Henares	
    1.-DELITOS Y FALTAS (EU)	2738.0	2453.0	-10.4	
    2.-HOMICIDIOS DOLOSOS Y ASESINATOS CONSUMADOS (EU)	0.0	0.0	0.0	
    3.-ROBO CON VIOLENCIA E INTIMIDACIÓN (EU)	76.0	79.0	3.9	
    4.-ROBOS CON FUERZA EN DOMICILIOS (EU)	88.0	68.0	-22.7	
    5.-SUSTRACCIÓN VEHÍCULOS A MOTOR (EU)	92.0	81.0	-12.0	
    6.-TRÁFICO DE DROGAS (EU)	10.0	12.0	20.0	
    7.-DAÑOS	437.0	445.0	1.8	
    8.-HURTOS	866.0	733.0	-15.4	
- Municipio de Alcobendas	
    1.-DELITOS Y FALTAS (EU)	1274.0	1257.0	-1.3	
    2.-HOMICIDIOS DOLOSOS Y ASESINATOS CONSUMADOS (EU)	0.0	0.0	0.0	
    3.-ROBO CON VIOLENCIA E INTIMIDACIÓN (EU)	37.0	49.0	32.4	
    4.-ROBOS CON FUERZA EN DOMICILIOS (EU)	36.0	51.0	41.7	
    5.-SUSTRACCIÓN VEHÍCULOS A MOTOR (EU)	32.0	42.0	31.3	
    6.-TRÁFICO DE DROGAS (EU)	1.0	4.0	300.0	
    7.-DAÑOS	134.0	181.0	35.1	
    8.-HURTOS	486.0	439.0	-9.7	
- Municipio de Alcorcón	
    1.-DELITOS Y FALTAS (EU)	1866.0	1731.0	-7.2	
    2.-HOMICIDIOS DOLOSOS Y ASESINATOS CONSUMADOS (EU)	0.0	0.0	0.0	
    3.-ROBO CON VIOLENCIA E INTIMIDACIÓN (EU)	103.0	101.0	-1.9	
    4.-ROBOS CON FUERZA EN DOMICILIOS (EU)	31.0	94.0	203.2	
    5.-SUSTRACCIÓN VEHÍCULOS A MOTOR (EU)	67.0	72.0	7.5	
    6.-TRÁFICO DE DROGAS (EU)	10.0	6.0	-40.0	
    7.-DAÑOS	254.0	237.0	-6.7	
    8.-HURTOS	727.0	657.0	-9.6	
- Municipio de Aranjuez	
    1.-DELITOS Y FALTAS (EU)	582.0	745.0	28.0	
    2.-HOMICIDIOS DOLOSOS Y ASESINATOS CONSUMADOS (EU)	0.0	0.0	0.0	
    3.-ROBO CON VIOLENCIA E INTIMIDACIÓN (EU)	8.0	16.0	100.0	
    4.-ROBOS CON FUERZA EN DOMICILIOS (EU)	21.0	50.0	138.1	
    5.-SUSTRACCIÓN VEHÍCULOS A MOTOR (EU)	9.0	15.0	66.7	
    6.-TRÁFICO DE DROGAS (EU)	3.0	3.0	0.0	
    7.-DAÑOS	109.0	160.0	46.8	
    8.-HURTOS	180.0	216.0	20.0	
- Municipio de Arganda del Rey	
    1.-DELITOS Y FALTAS (EU)	703.0	610.0	-13.2	
    2.-HOMICIDIOS DOLOSOS Y ASESINATOS CONSUMADOS (EU)	0.0	0.0	0.0	
    3.-ROBO CON VIOLENCIA E INTIMIDACIÓN (EU)	27.0	24.0	-11.1	
    4.-ROBOS CON FUERZA EN DOMICILIOS (EU)	31.0	26.0	-16.1	
    5.-SUSTRACCIÓN VEHÍCULOS A MOTOR (EU)	32.0	19.0	-40.6	
    6.-TRÁFICO DE DROGAS (EU)	2.0	1.0	-50.0	
    7.-DAÑOS	112.0	114.0	1.8	
    8.-HURTOS	128.0	94.0	-26.6	
- Municipio de Collado Villalba	
    1.-DELITOS Y FALTAS (EU)	854.0	719.0	-15.8	
    2.-HOMICIDIOS DOLOSOS Y ASESINATOS CONSUMADOS (EU)	0.0	0.0	0.0	
    3.-ROBO CON VIOLENCIA E INTIMIDACIÓN (EU)	54.0	26.0	-51.9	
    4.-ROBOS CON FUERZA EN DOMICILIOS (EU)	65.0	78.0	20.0	
    5.-SUSTRACCIÓN VEHÍCULOS A MOTOR (EU)	15.0	11.0	-26.7	
    6.-TRÁFICO DE DROGAS (EU)	3.0	3.0	0.0	
    7.-DAÑOS	140.0	99.0	-29.3	
    8.-HURTOS	273.0	204.0	-25.3	
- Municipio de Coslada	
    1.-DELITOS Y FALTAS (EU)	879.0	915.0	4.1	
    2.-HOMICIDIOS DOLOSOS Y ASESINATOS CONSUMADOS (EU)	0.0	1.0	100.0	
    3.-ROBO CON VIOLENCIA E INTIMIDACIÓN (EU)	29.0	33.0	13.8	
    4.-ROBOS CON FUERZA EN DOMICILIOS (EU)	36.0	42.0	16.7	
    5.-SUSTRACCIÓN VEHÍCULOS A MOTOR (EU)	58.0	36.0	-37.9	
    6.-TRÁFICO DE DROGAS (EU)	1.0	2.0	100.0	
    7.-DAÑOS	124.0	174.0	40.3	
    8.-HURTOS	265.0	280.0	5.7	
- Municipio de Fuenlabrada	
    1.-DELITOS Y FALTAS (EU)	1849.0	2064.0	11.6	
    2.-HOMICIDIOS DOLOSOS Y ASESINATOS CONSUMADOS (EU)	0.0	0.0	0.0	
    3.-ROBO CON VIOLENCIA E INTIMIDACIÓN (EU)	116.0	107.0	-7.8	
    4.-ROBOS CON FUERZA EN DOMICILIOS (EU)	64.0	60.0	-6.3	
    5.-SUSTRACCIÓN VEHÍCULOS A MOTOR (EU)	92.0	82.0	-10.9	
    6.-TRÁFICO DE DROGAS (EU)	3.0	2.0	-33.3	
    7.-DAÑOS	263.0	319.0	21.3	
    8.-HURTOS	680.0	750.0	10.3	
- Municipio de Getafe	
    1.-DELITOS Y FALTAS (EU)	1908.0	1974.0	3.5	
    2.-HOMICIDIOS DOLOSOS Y ASESINATOS CONSUMADOS (EU)	0.0	1.0	100.0	
    3.-ROBO CON VIOLENCIA E INTIMIDACIÓN (EU)	108.0	104.0	-3.7	
    4.-ROBOS CON FUERZA EN DOMICILIOS (EU)	65.0	62.0	-4.6	
    5.-SUSTRACCIÓN VEHÍCULOS A MOTOR (EU)	95.0	81.0	-14.7	
    6.-TRÁFICO DE DROGAS (EU)	2.0	5.0	150.0	
    7.-DAÑOS	226.0	292.0	29.2	
    8.-HURTOS	724.0	638.0	-11.9	
- Municipio de Leganés	
    1.-DELITOS Y FALTAS (EU)	2438.0	2525.0	3.6	
    2.-HOMICIDIOS DOLOSOS Y ASESINATOS CONSUMADOS (EU)	0.0	0.0	0.0	
    3.-ROBO CON VIOLENCIA E INTIMIDACIÓN (EU)	78.0	76.0	-2.6	
    4.-ROBOS CON FUERZA EN DOMICILIOS (EU)	63.0	74.0	17.5	
    5.-SUSTRACCIÓN VEHÍCULOS A MOTOR (EU)	85.0	72.0	-15.3	
    6.-TRÁFICO DE DROGAS (EU)	8.0	8.0	0.0	
    7.-DAÑOS	278.0	305.0	9.7	
    8.-HURTOS	1123.0	1194.0	6.3	
- Municipio de Madrid	
    1.-DELITOS Y FALTAS (EU)	55111.0	58404.0	6.0	
    2.-HOMICIDIOS DOLOSOS Y ASESINATOS CONSUMADOS (EU)	3.0	7.0	133.3	
    3.-ROBO CON VIOLENCIA E INTIMIDACIÓN (EU)	2760.0	3024.0	9.6	
    4.-ROBOS CON FUERZA EN DOMICILIOS (EU)	1636.0	2151.0	31.5	
    5.-SUSTRACCIÓN VEHÍCULOS A MOTOR (EU)	1464.0	1337.0	-8.7	
    6.-TRÁFICO DE DROGAS (EU)	268.0	253.0	-5.6	
    7.-DAÑOS	5479.0	5949.0	8.6	
    8.-HURTOS	25600.0	26914.0	5.1	
- Municipio de Majadahonda	
    1.-DELITOS Y FALTAS (EU)	829.0	1096.0	32.2	
    2.-HOMICIDIOS DOLOSOS Y ASESINATOS CONSUMADOS (EU)	0.0	0.0	0.0	
    3.-ROBO CON VIOLENCIA E INTIMIDACIÓN (EU)	17.0	39.0	129.4	
    4.-ROBOS CON FUERZA EN DOMICILIOS (EU)	44.0	62.0	40.9	
    5.-SUSTRACCIÓN VEHÍCULOS A MOTOR (EU)	39.0	29.0	-25.6	
    6.-TRÁFICO DE DROGAS (EU)	3.0	3.0	0.0	
    7.-DAÑOS	119.0	131.0	10.1	
    8.-HURTOS	373.0	505.0	35.4	
- Municipio de Móstoles	
    1.-DELITOS Y FALTAS (EU)	2245.0	2188.0	-2.5	
    2.-HOMICIDIOS DOLOSOS Y ASESINATOS CONSUMADOS (EU)	0.0	0.0	0.0	
    3.-ROBO CON VIOLENCIA E INTIMIDACIÓN (EU)	91.0	75.0	-17.6	
    4.-ROBOS CON FUERZA EN DOMICILIOS (EU)	91.0	130.0	42.9	
    5.-SUSTRACCIÓN VEHÍCULOS A MOTOR (EU)	127.0	82.0	-35.4	
    6.-TRÁFICO DE DROGAS (EU)	12.0	12.0	0.0	
    7.-DAÑOS	407.0	350.0	-14.0	
    8.-HURTOS	566.0	609.0	7.6	
- Municipio de Parla	
    1.-DELITOS Y FALTAS (EU)	1514.0	1421.0	-6.1	
    2.-HOMICIDIOS DOLOSOS Y ASESINATOS CONSUMADOS (EU)	0.0	0.0	0.0	
    3.-ROBO CON VIOLENCIA E INTIMIDACIÓN (EU)	89.0	90.0	1.1	
    4.-ROBOS CON FUERZA EN DOMICILIOS (EU)	37.0	58.0	56.8	
    5.-SUSTRACCIÓN VEHÍCULOS A MOTOR (EU)	58.0	42.0	-27.6	
    6.-TRÁFICO DE DROGAS (EU)	3.0	2.0	-33.3	
    7.-DAÑOS	255.0	241.0	-5.5	
    8.-HURTOS	460.0	446.0	-3.0	
- Municipio de Pozuelo de Alarcón	
    1.-DELITOS Y FALTAS (EU)	817.0	880.0	7.7	
    2.-HOMICIDIOS DOLOSOS Y ASESINATOS CONSUMADOS (EU)	1.0	0.0	-100.0	
    3.-ROBO CON VIOLENCIA E INTIMIDACIÓN (EU)	18.0	9.0	-50.0	
    4.-ROBOS CON FUERZA EN DOMICILIOS (EU)	22.0	64.0	190.9	
    5.-SUSTRACCIÓN VEHÍCULOS A MOTOR (EU)	47.0	28.0	-40.4	
    6.-TRÁFICO DE DROGAS (EU)	1.0	0.0	-100.0	
    7.-DAÑOS	97.0	114.0	17.5	
    8.-HURTOS	306.0	289.0	-5.6	
- Municipio de Rivas-Vaciamadrid	
    1.-DELITOS Y FALTAS (EU)	1181.0	1156.0	-2.1	
    2.-HOMICIDIOS DOLOSOS Y ASESINATOS CONSUMADOS (EU)	0.0	0.0	0.0	
    3.-ROBO CON VIOLENCIA E INTIMIDACIÓN (EU)	36.0	55.0	52.8	
    4.-ROBOS CON FUERZA EN DOMICILIOS (EU)	55.0	58.0	5.5	
    5.-SUSTRACCIÓN VEHÍCULOS A MOTOR (EU)	32.0	42.0	31.3	
    6.-TRÁFICO DE DROGAS (EU)	0.0	5.0	100.0	
    7.-DAÑOS	216.0	190.0	-12.0	
    8.-HURTOS	434.0	383.0	-11.8	
- Municipio de Rozas de Madrid (Las)	
    1.-DELITOS Y FALTAS (EU)	1270.0	1192.0	-6.1	
    2.-HOMICIDIOS DOLOSOS Y ASESINATOS CONSUMADOS (EU)	0.0	0.0	0.0	
    3.-ROBO CON VIOLENCIA E INTIMIDACIÓN (EU)	34.0	31.0	-8.8	
    4.-ROBOS CON FUERZA EN DOMICILIOS (EU)	85.0	113.0	32.9	
    5.-SUSTRACCIÓN VEHÍCULOS A MOTOR (EU)	34.0	37.0	8.8	
    6.-TRÁFICO DE DROGAS (EU)	3.0	1.0	-66.7	
    7.-DAÑOS	184.0	179.0	-2.7	
    8.-HURTOS	424.0	390.0	-8.0	
- Municipio de San Sebastián de los Reyes	
    1.-DELITOS Y FALTAS (EU)	1051.0	1188.0	13.0	
    2.-HOMICIDIOS DOLOSOS Y ASESINATOS CONSUMADOS (EU)	0.0	0.0	0.0	
    3.-ROBO CON VIOLENCIA E INTIMIDACIÓN (EU)	37.0	44.0	18.9	
    4.-ROBOS CON FUERZA EN DOMICILIOS (EU)	31.0	32.0	3.2	
    5.-SUSTRACCIÓN VEHÍCULOS A MOTOR (EU)	17.0	28.0	64.7	
    6.-TRÁFICO DE DROGAS (EU)	3.0	0.0	-100.0	
    7.-DAÑOS	120.0	146.0	21.7	
    8.-HURTOS	494.0	584.0	18.2	
- Municipio de Torrejón de Ardoz	
    1.-DELITOS Y FALTAS (EU)	1228.0	1318.0	7.3	
    2.-HOMICIDIOS DOLOSOS Y ASESINATOS CONSUMADOS (EU)	0.0	0.0	0.0	
    3.-ROBO CON VIOLENCIA E INTIMIDACIÓN (EU)	34.0	41.0	20.6	
    4.-ROBOS CON FUERZA EN DOMICILIOS (EU)	25.0	35.0	40.0	
    5.-SUSTRACCIÓN VEHÍCULOS A MOTOR (EU)	24.0	40.0	66.7	
    6.-TRÁFICO DE DROGAS (EU)	3.0	4.0	33.3	
    7.-DAÑOS	179.0	217.0	21.2	
    8.-HURTOS	471.0	416.0	-11.7	
- Municipio de Valdemoro	
    1.-DELITOS Y FALTAS (EU)	961.0	797.0	-17.1	
    2.-HOMICIDIOS DOLOSOS Y ASESINATOS CONSUMADOS (EU)	0.0	0.0	0.0	
    3.-ROBO CON VIOLENCIA E INTIMIDACIÓN (EU)	28.0	36.0	28.6	
    4.-ROBOS CON FUERZA EN DOMICILIOS (EU)	45.0	36.0	-20.0	
    5.-SUSTRACCIÓN VEHÍCULOS A MOTOR (EU)	23.0	20.0	-13.0	
    6.-TRÁFICO DE DROGAS (EU)	3.0	3.0	0.0	
    7.-DAÑOS	162.0	119.0	-26.5	
    8.-HURTOS	233.0	197.0	-15.5	
MURCIA (REGIÓN DE)	
    1.-DELITOS Y FALTAS (EU)	13168.0	12909.0	-2.0	
    2.-HOMICIDIOS DOLOSOS Y ASESINATOS CONSUMADOS (EU)	1.0	0.0	-100.0	
    3.-ROBO CON VIOLENCIA E INTIMIDACIÓN (EU)	382.0	402.0	5.2	
    4.-ROBOS CON FUERZA EN DOMICILIOS (EU)	1368.0	1452.0	6.1	
    5.-SUSTRACCIÓN VEHÍCULOS A MOTOR (EU)	306.0	308.0	0.7	
    6.-TRÁFICO DE DROGAS (EU)	56.0	74.0	32.1	
    7.-DAÑOS	1256.0	1177.0	-6.3	
    8.-HURTOS	3974.0	4044.0	1.8	
- Municipio de Cartagena	
    1.-DELITOS Y FALTAS (EU)	1947.0	1767.0	-9.2	
    2.-HOMICIDIOS DOLOSOS Y ASESINATOS CONSUMADOS (EU)	0.0	0.0	0.0	
    3.-ROBO CON VIOLENCIA E INTIMIDACIÓN (EU)	45.0	52.0	15.6	
    4.-ROBOS CON FUERZA EN DOMICILIOS (EU)	156.0	169.0	8.3	
    5.-SUSTRACCIÓN VEHÍCULOS A MOTOR (EU)	27.0	27.0	0.0	
    6.-TRÁFICO DE DROGAS (EU)	7.0	10.0	42.9	
    7.-DAÑOS	218.0	176.0	-19.3	
    8.-HURTOS	657.0	639.0	-2.7	
- Municipio de Lorca	
    1.-DELITOS Y FALTAS (EU)	545.0	471.0	-13.6	
    2.-HOMICIDIOS DOLOSOS Y ASESINATOS CONSUMADOS (EU)	0.0	0.0	0.0	
    3.-ROBO CON VIOLENCIA E INTIMIDACIÓN (EU)	12.0	9.0	-25.0	
    4.-ROBOS CON FUERZA EN DOMICILIOS (EU)	69.0	55.0	-20.3	
    5.-SUSTRACCIÓN VEHÍCULOS A MOTOR (EU)	7.0	4.0	-42.9	
    6.-TRÁFICO DE DROGAS (EU)	1.0	5.0	400.0	
    7.-DAÑOS	49.0	34.0	-30.6	
    8.-HURTOS	170.0	144.0	-15.3	
- Municipio de Molina de Segura	
    1.-DELITOS Y FALTAS (EU)	494.0	438.0	-11.3	
    2.-HOMICIDIOS DOLOSOS Y ASESINATOS CONSUMADOS (EU)	0.0	0.0	0.0	
    3.-ROBO CON VIOLENCIA E INTIMIDACIÓN (EU)	12.0	7.0	-41.7	
    4.-ROBOS CON FUERZA EN DOMICILIOS (EU)	62.0	38.0	-38.7	
    5.-SUSTRACCIÓN VEHÍCULOS A MOTOR (EU)	10.0	18.0	80.0	
    6.-TRÁFICO DE DROGAS (EU)	1.0	2.0	100.0	
    7.-DAÑOS	38.0	30.0	-21.1	
    8.-HURTOS	164.0	147.0	-10.4	
- Municipio de Murcia	
    1.-DELITOS Y FALTAS (EU)	4543.0	4620.0	1.7	
    2.-HOMICIDIOS DOLOSOS Y ASESINATOS CONSUMADOS (EU)	0.0	0.0	0.0	
    3.-ROBO CON VIOLENCIA E INTIMIDACIÓN (EU)	180.0	188.0	4.4	
    4.-ROBOS CON FUERZA EN DOMICILIOS (EU)	381.0	444.0	16.5	
    5.-SUSTRACCIÓN VEHÍCULOS A MOTOR (EU)	160.0	157.0	-1.9	
    6.-TRÁFICO DE DROGAS (EU)	18.0	28.0	55.6	
    7.-DAÑOS	368.0	347.0	-5.7	
    8.-HURTOS	1583.0	1625.0	2.7	
NAVARRA (COMUNIDAD FORAL DE)	
    1.-DELITOS Y FALTAS (EU)	5702.0	4587.0	-19.6	
    2.-HOMICIDIOS DOLOSOS Y ASESINATOS CONSUMADOS (EU)	1.0	0.0	-100.0	
    3.-ROBO CON VIOLENCIA E INTIMIDACIÓN (EU)	72.0	49.0	-31.9	
    4.-ROBOS CON FUERZA EN DOMICILIOS (EU)	276.0	231.0	-16.3	
    5.-SUSTRACCIÓN VEHÍCULOS A MOTOR (EU)	47.0	44.0	-6.4	
    6.-TRÁFICO DE DROGAS (EU)	24.0	33.0	37.5	
    7.-DAÑOS	740.0	566.0	-23.5	
    8.-HURTOS	1738.0	1162.0	-33.1	
- Municipio de Pamplona/Iruña	
    1.-DELITOS Y FALTAS (EU)	2435.0	1430.0	-41.3	
    2.-HOMICIDIOS DOLOSOS Y ASESINATOS CONSUMADOS (EU)	0.0	0.0	0.0	
    3.-ROBO CON VIOLENCIA E INTIMIDACIÓN (EU)	46.0	28.0	-39.1	
    4.-ROBOS CON FUERZA EN DOMICILIOS (EU)	56.0	40.0	-28.6	
    5.-SUSTRACCIÓN VEHÍCULOS A MOTOR (EU)	14.0	6.0	-57.1	
    6.-TRÁFICO DE DROGAS (EU)	8.0	9.0	12.5	
    7.-DAÑOS	336.0	167.0	-50.3	
    8.-HURTOS	966.0	562.0	-41.8	
PAÍS VASCO	
    1.-DELITOS Y FALTAS (EU)	20404.0	20077.0	-1.6	
    2.-HOMICIDIOS DOLOSOS Y ASESINATOS CONSUMADOS (EU)	2.0	2.0	0.0	
    3.-ROBO CON VIOLENCIA E INTIMIDACIÓN (EU)	419.0	471.0	12.4	
    4.-ROBOS CON FUERZA EN DOMICILIOS (EU)	1052.0	1151.0	9.4	
    5.-SUSTRACCIÓN VEHÍCULOS A MOTOR (EU)	187.0	245.0	31.0	
    6.-TRÁFICO DE DROGAS (EU)	87.0	83.0	-4.6	
    7.-DAÑOS	1881.0	1825.0	-3.0	
    8.-HURTOS	6440.0	6698.0	4.0	
Provincia de ARABA/ÁLAVA	
    1.-DELITOS Y FALTAS (EU)	3024.0	2901.0	-4.1	
    2.-HOMICIDIOS DOLOSOS Y ASESINATOS CONSUMADOS (EU)	0.0	1.0	100.0	
    3.-ROBO CON VIOLENCIA E INTIMIDACIÓN (EU)	37.0	37.0	0.0	
    4.-ROBOS CON FUERZA EN DOMICILIOS (EU)	98.0	71.0	-27.6	
    5.-SUSTRACCIÓN VEHÍCULOS A MOTOR (EU)	18.0	19.0	5.6	
    6.-TRÁFICO DE DROGAS (EU)	6.0	12.0	100.0	
    7.-DAÑOS	285.0	312.0	9.5	
    8.-HURTOS	1159.0	1119.0	-3.5	
- Municipio de Vitoria-Gasteiz	
    1.-DELITOS Y FALTAS (EU)	2280.0	2085.0	-8.6	
    2.-HOMICIDIOS DOLOSOS Y ASESINATOS CONSUMADOS (EU)	0.0	1.0	100.0	
    3.-ROBO CON VIOLENCIA E INTIMIDACIÓN (EU)	35.0	37.0	5.7	
    4.-ROBOS CON FUERZA EN DOMICILIOS (EU)	72.0	45.0	-37.5	
    5.-SUSTRACCIÓN VEHÍCULOS A MOTOR (EU)	16.0	11.0	-31.3	
    6.-TRÁFICO DE DROGAS (EU)	2.0	9.0	350.0	
    7.-DAÑOS	196.0	221.0	12.8	
    8.-HURTOS	1036.0	991.0	-4.3	
Provincia de GIPUZKOA	
    1.-DELITOS Y FALTAS (EU)	5540.0	5358.0	-3.3	
    2.-HOMICIDIOS DOLOSOS Y ASESINATOS CONSUMADOS (EU)	0.0	0.0	0.0	
    3.-ROBO CON VIOLENCIA E INTIMIDACIÓN (EU)	81.0	90.0	11.1	
    4.-ROBOS CON FUERZA EN DOMICILIOS (EU)	331.0	459.0	38.7	
    5.-SUSTRACCIÓN VEHÍCULOS A MOTOR (EU)	59.0	56.0	-5.1	
    6.-TRÁFICO DE DROGAS (EU)	32.0	21.0	-34.4	
    7.-DAÑOS	458.0	467.0	2.0	
    8.-HURTOS	1413.0	1351.0	-4.4	
- Municipio de Irun	
    1.-DELITOS Y FALTAS (EU)	615.0	509.0	-17.2	
    2.-HOMICIDIOS DOLOSOS Y ASESINATOS CONSUMADOS (EU)	0.0	0.0	0.0	
    3.-ROBO CON VIOLENCIA E INTIMIDACIÓN (EU)	6.0	12.0	100.0	
    4.-ROBOS CON FUERZA EN DOMICILIOS (EU)	21.0	7.0	-66.7	
    5.-SUSTRACCIÓN VEHÍCULOS A MOTOR (EU)	9.0	9.0	0.0	
    6.-TRÁFICO DE DROGAS (EU)	6.0	8.0	33.3	
    7.-DAÑOS	43.0	42.0	-2.3	
    8.-HURTOS	223.0	193.0	-13.5	
- Municipio de Donostia/San Sebastián	
    1.-DELITOS Y FALTAS (EU)	1257.0	1199.0	-4.6	
    2.-HOMICIDIOS DOLOSOS Y ASESINATOS CONSUMADOS (EU)	0.0	0.0	0.0	
    3.-ROBO CON VIOLENCIA E INTIMIDACIÓN (EU)	30.0	38.0	26.7	
    4.-ROBOS CON FUERZA EN DOMICILIOS (EU)	95.0	111.0	16.8	
    5.-SUSTRACCIÓN VEHÍCULOS A MOTOR (EU)	20.0	12.0	-40.0	
    6.-TRÁFICO DE DROGAS (EU)	10.0	8.0	-20.0	
    7.-DAÑOS	100.0	98.0	-2.0	
    8.-HURTOS	342.0	345.0	0.9	
Provincia de BIZKAIA	
    1.-DELITOS Y FALTAS (EU)	11840.0	11818.0	-0.2	
    2.-HOMICIDIOS DOLOSOS Y ASESINATOS CONSUMADOS (EU)	2.0	1.0	-50.0	
    3.-ROBO CON VIOLENCIA E INTIMIDACIÓN (EU)	301.0	344.0	14.3	
    4.-ROBOS CON FUERZA EN DOMICILIOS (EU)	623.0	621.0	-0.3	
    5.-SUSTRACCIÓN VEHÍCULOS A MOTOR (EU)	110.0	170.0	54.5	
    6.-TRÁFICO DE DROGAS (EU)	49.0	50.0	2.0	
    7.-DAÑOS	1138.0	1046.0	-8.1	
    8.-HURTOS	3868.0	4228.0	9.3	
- Municipio de Barakaldo	
    1.-DELITOS Y FALTAS (EU)	1383.0	1182.0	-14.5	
    2.-HOMICIDIOS DOLOSOS Y ASESINATOS CONSUMADOS (EU)	0.0	0.0	0.0	
    3.-ROBO CON VIOLENCIA E INTIMIDACIÓN (EU)	56.0	48.0	-14.3	
    4.-ROBOS CON FUERZA EN DOMICILIOS (EU)	80.0	64.0	-20.0	
    5.-SUSTRACCIÓN VEHÍCULOS A MOTOR (EU)	19.0	19.0	0.0	
    6.-TRÁFICO DE DROGAS (EU)	4.0	11.0	175.0	
    7.-DAÑOS	145.0	120.0	-17.2	
    8.-HURTOS	489.0	500.0	2.2	
- Municipio de Bilbao	
    1.-DELITOS Y FALTAS (EU)	4340.0	4539.0	4.6	
    2.-HOMICIDIOS DOLOSOS Y ASESINATOS CONSUMADOS (EU)	1.0	1.0	0.0	
    3.-ROBO CON VIOLENCIA E INTIMIDACIÓN (EU)	179.0	224.0	25.1	
    4.-ROBOS CON FUERZA EN DOMICILIOS (EU)	203.0	146.0	-28.1	
    5.-SUSTRACCIÓN VEHÍCULOS A MOTOR (EU)	27.0	41.0	51.9	
    6.-TRÁFICO DE DROGAS (EU)	31.0	24.0	-22.6	
    7.-DAÑOS	362.0	354.0	-2.2	
    8.-HURTOS	2004.0	2429.0	21.2	
- Municipio de Getxo	
    1.-DELITOS Y FALTAS (EU)	510.0	432.0	-15.3	
    2.-HOMICIDIOS DOLOSOS Y ASESINATOS CONSUMADOS (EU)	0.0	0.0	0.0	
    3.-ROBO CON VIOLENCIA E INTIMIDACIÓN (EU)	10.0	15.0	50.0	
    4.-ROBOS CON FUERZA EN DOMICILIOS (EU)	41.0	37.0	-9.8	
    5.-SUSTRACCIÓN VEHÍCULOS A MOTOR (EU)	4.0	4.0	0.0	
    6.-TRÁFICO DE DROGAS (EU)	1.0	1.0	0.0	
    7.-DAÑOS	66.0	59.0	-10.6	
    8.-HURTOS	149.0	136.0	-8.7	
RIOJA (LA)	
    1.-DELITOS Y FALTAS (EU)	2060.0	1934.0	-6.1	
    2.-HOMICIDIOS DOLOSOS Y ASESINATOS CONSUMADOS (EU)	0.0	0.0	0.0	
    3.-ROBO CON VIOLENCIA E INTIMIDACIÓN (EU)	35.0	34.0	-2.9	
    4.-ROBOS CON FUERZA EN DOMICILIOS (EU)	151.0	132.0	-12.6	
    5.-SUSTRACCIÓN VEHÍCULOS A MOTOR (EU)	25.0	25.0	0.0	
    6.-TRÁFICO DE DROGAS (EU)	12.0	13.0	8.3	
    7.-DAÑOS	275.0	207.0	-24.7	
    8.-HURTOS	648.0	687.0	6.0	
- Municipio de Logroño	
    1.-DELITOS Y FALTAS (EU)	1116.0	1093.0	-2.1	
    2.-HOMICIDIOS DOLOSOS Y ASESINATOS CONSUMADOS (EU)	0.0	0.0	0.0	
    3.-ROBO CON VIOLENCIA E INTIMIDACIÓN (EU)	23.0	27.0	17.4	
    4.-ROBOS CON FUERZA EN DOMICILIOS (EU)	48.0	47.0	-2.1	
    5.-SUSTRACCIÓN VEHÍCULOS A MOTOR (EU)	8.0	17.0	112.5	
    6.-TRÁFICO DE DROGAS (EU)	6.0	5.0	-16.7	
    7.-DAÑOS	145.0	110.0	-24.1	
    8.-HURTOS	455.0	510.0	12.1	
CIUDAD AUTÓNOMA DE CEUTA	
    1.-DELITOS Y FALTAS (EU)	1271.0	1141.0	-10.2	
    2.-HOMICIDIOS DOLOSOS Y ASESINATOS CONSUMADOS (EU)	0.0	0.0	0.0	
    3.-ROBO CON VIOLENCIA E INTIMIDACIÓN (EU)	46.0	52.0	13.0	
    4.-ROBOS CON FUERZA EN DOMICILIOS (EU)	16.0	20.0	25.0	
    5.-SUSTRACCIÓN VEHÍCULOS A MOTOR (EU)	108.0	126.0	16.7	
    6.-TRÁFICO DE DROGAS (EU)	126.0	80.0	-36.5	
    7.-DAÑOS	100.0	54.0	-46.0	
    8.-HURTOS	245.0	216.0	-11.8	
CIUDAD AUTÓNOMA DE MELILLA	
    1.-DELITOS Y FALTAS (EU)	1215.0	1203.0	-1.0	
    2.-HOMICIDIOS DOLOSOS Y ASESINATOS CONSUMADOS (EU)	1.0	0.0	-100.0	
    3.-ROBO CON VIOLENCIA E INTIMIDACIÓN (EU)	70.0	87.0	24.3	
    4.-ROBOS CON FUERZA EN DOMICILIOS (EU)	22.0	32.0	45.5	
    5.-SUSTRACCIÓN VEHÍCULOS A MOTOR (EU)	31.0	26.0	-16.1	
    6.-TRÁFICO DE DROGAS (EU)	35.0	34.0	-2.9	
    7.-DAÑOS	96.0	92.0	-4.2	
    8.-HURTOS	295.0	364.0	23.4	
FUERA DE ESPAÑA	
    1.-DELITOS Y FALTAS (EU)	4733.0	4952.0	4.6	
    2.-HOMICIDIOS DOLOSOS Y ASESINATOS CONSUMADOS (EU)	2.0	0.0	-100.0	
    3.-ROBO CON VIOLENCIA E INTIMIDACIÓN (EU)	46.0	55.0	19.6	
    4.-ROBOS CON FUERZA EN DOMICILIOS (EU)	3.0	5.0	66.7	
    5.-SUSTRACCIÓN VEHÍCULOS A MOTOR (EU)	28.0	22.0	-21.4	
    6.-TRÁFICO DE DROGAS (EU)	1.0	3.0	200.0	
    7.-DAÑOS	5.0	5.0	0.0	
    8.-HURTOS	508.0	599.0	17.9	
NACIONAL	
    1.-DELITOS Y FALTAS (EU)	496876.0	487643.0	-1.9	
    2.-HOMICIDIOS DOLOSOS Y ASESINATOS CONSUMADOS (EU)	66.0	72.0	9.1	
    3.-ROBO CON VIOLENCIA E INTIMIDACIÓN (EU)	15727.0	15559.0	-1.1	
    4.-ROBOS CON FUERZA EN DOMICILIOS (EU)	28916.0	31154.0	7.7	
    5.-SUSTRACCIÓN VEHÍCULOS A MOTOR (EU)	10351.0	10177.0	-1.7	
    6.-TRÁFICO DE DROGAS (EU)	2878.0	2699.0	-6.2	
    7.-DAÑOS	54028.0	53517.0	-0.9	
    8.-HURTOS	168971.0	169129.0	0.1	
Notas:
(*) Se computan datos provenientes de las Fuerzas y Cuerpos de  Seguridad del Estado, policías autonómicas y policías locales que  proporcionan datos al Sistema Estadístico de Criminalidad.  
   
 (**) Los datos del año 2016 están pendientes de consolidar.
Fuente: Ministerio del Interior